,file,WER,CER
0,fn000826,0.6350975036621094,0.3552407920360565
1,fn000443,0.1178343966603279,0.0491151325404644
2,fv160136,0.3131313025951385,0.1548848301172256
3,fv160027,0.5924170613288879,0.3160333633422851
4,fn000863,0.385135143995285,0.2053175717592239
5,fv160014,0.1215469613671302,0.0465631932020187
6,fv160172,0.1594746708869934,0.0690518766641616
7,fv170045,0.0673400685191154,0.0212949030101299
8,fn000800,0.4210526347160339,0.2514619827270508
9,fn000542,0.4385964870452881,0.2051724195480346
10,fn000796,0.4375,0.236649215221405
11,fn100185,0.183673471212387,0.0851633623242378
12,fn000782,0.5654205679893494,0.2592010796070099
13,fv170054,0.2384341657161712,0.0944358259439468
14,fv160111,0.2403100728988647,0.0901525691151619
15,fn000095,0.2231404930353164,0.1024464815855026
16,fn100014,0.5729166865348816,0.1870370358228683
17,fv160199,0.3246753215789795,0.1314496248960495
18,fn000852,0.5102040767669678,0.2775453329086303
19,fn100274,0.4334554374217987,0.2472428828477859
20,fn100327,0.3092550933361053,0.1653626561164856
21,fn000452,0.3409090936183929,0.157837837934494
22,fv160216,0.1646153777837753,0.0616207085549831
23,fn100322,0.2089552283287048,0.095353677868843
24,fn000644,0.2135922312736511,0.1129629611968994
25,fv170114,0.2938931286334991,0.1333595663309097
26,fn000126,0.2834891080856323,0.1586538404226303
27,fn000394,0.1183162704110145,0.0442515350878238
28,fn000507,0.2170753926038742,0.0997600257396698
29,fn000774,0.5786802172660828,0.3319587707519531
30,fn000857,0.2160919606685638,0.0778532028198242
31,fn000575,0.4287330210208893,0.1821987181901931
32,fv170148,0.0733410939574241,0.0242162160575389
33,fv160051,0.3241758346557617,0.1829405128955841
34,fn000605,0.4306569397449493,0.1787634342908859
35,fn000638,0.2000000029802322,0.0928853750228881
36,fn000119,0.2244165241718292,0.1059337481856346
37,fn000815,0.4595435559749603,0.2001964598894119
38,fv170151,0.1469933241605758,0.0542766638100147
39,fv160153,0.3003003001213074,0.1421568691730499
40,fv160033,0.3358778655529022,0.1789077222347259
41,fv160015,0.2195121943950653,0.0863095223903656
42,fn000565,0.5494880676269531,0.2968005537986755
43,fn000591,0.5835866332054138,0.2944356203079223
44,fn100221,0.202031597495079,0.0914880037307739
45,fn000878,0.585106372833252,0.2943925261497497
46,fn000569,0.2386363595724105,0.0887198969721794
47,fv170050,0.1542002260684967,0.0550280548632144
48,fv170079,0.2007366418838501,0.0856002867221832
49,fn000393,0.3820224702358246,0.1557017564773559
50,fn000678,0.6574923396110535,0.3652937114238739
51,fn000627,0.453125,0.2066473960876464
52,fv170059,0.2821011543273926,0.145161285996437
53,fn000877,0.3193657994270324,0.1285319775342941
54,fv160182,0.4618644118309021,0.2358804047107696
55,fn000681,0.7362204790115356,0.4662681519985199
56,fn100243,0.5492537021636963,0.2909638583660126
57,fv160117,0.5555555820465088,0.3175074160099029
58,fn000838,0.5222992897033691,0.2041666656732559
59,fn100237,0.0317100808024406,0.0114990593865513
60,fv160210,0.3039215803146362,0.1378676444292068
61,fv160131,0.2738095223903656,0.1247216016054153
62,fv160190,0.4772727191448211,0.2383073568344116
63,fn000813,0.5435897707939148,0.232356995344162
64,fv160097,0.2014925330877304,0.0863570421934127
65,fv170020,0.1215859055519104,0.0417690426111221
66,fn000048,0.386904776096344,0.1887005716562271
67,fn100003,0.1502890139818191,0.0621906593441963
68,fv170194,0.213493525981903,0.0907342657446861
69,fn100021,0.2784222662448883,0.1338891685009002
70,fn100266,0.1252873539924621,0.0534351132810115
71,fv160028,0.3222591280937195,0.1674418598413467
72,fn100250,0.052995391190052,0.0186876188963651
73,fn000662,0.3034482896327972,0.1357526928186416
74,fn000704,0.0606407336890697,0.0216147489845752
75,fv170093,0.1498800963163375,0.0601031631231308
76,fn000571,0.5042979717254639,0.2445783168077469
77,fn000068,0.2327327281236648,0.1003616601228714
78,fn100283,0.2426926493644714,0.111034482717514
79,fv170098,0.3003095984458923,0.131386861205101
80,fn000794,0.5918367505073547,0.2811320722103119
81,fv170196,0.1270718276500702,0.0485890097916126
82,fv170209,0.0966292098164558,0.0372351817786693
83,fn000405,0.22891566157341,0.1120507419109344
84,fn000706,0.1283237040042877,0.0549213886260986
85,fn100079,0.0736478716135025,0.0250743739306926
86,fv170087,0.104886770248413,0.0436622872948646
87,fn000834,0.5783582329750061,0.2752767503261566
88,fv170091,0.0782493352890014,0.024359930306673
89,fn100091,0.0652920976281166,0.0255922172218561
90,fn000111,0.3900709152221679,0.2018970251083374
91,fn000699,0.3899371027946472,0.2032520323991775
92,fn100233,0.1339285671710968,0.055949967354536
93,fv170150,0.1346604228019714,0.0600130446255207
94,fn000634,0.477635771036148,0.1982364505529403
95,fn100254,0.1836027652025222,0.0871717631816864
96,fn000722,0.0620689652860164,0.0195246171206235
97,fn000733,0.3333333432674408,0.1660231649875641
98,fn000561,0.1759747117757797,0.0757951289415359
99,fn000136,0.524904191493988,0.3050595223903656
100,fn000543,0.257540613412857,0.1060845926403999
101,fv170135,0.0862275436520576,0.0252764616161584
102,fn000757,0.3669724762439728,0.1146179437637329
103,fn000431,0.2727272808551788,0.1238485127687454
104,fn000149,0.2745762765407562,0.1328698396682739
105,fn100138,0.1779755353927612,0.0830188691616058
106,fn000584,0.529411792755127,0.2697368562221527
107,fn000514,0.2530120611190796,0.128089889883995
108,fv170032,0.134314626455307,0.0505675971508026
109,fn000611,0.395348846912384,0.1694560647010803
110,fn000682,0.8738601803779602,0.5304022431373596
111,fv170044,0.2221018373966217,0.0779807120561599
112,fn000645,0.1045296192169189,0.0415430255234241
113,fn000581,0.4720000028610229,0.2464898526668548
114,fn000146,0.3197278976440429,0.1501272320747375
115,fv160048,0.220472440123558,0.0927835032343864
116,fv170149,0.0984936282038688,0.0320069193840026
117,fv160145,0.1431767344474792,0.0655601695179939
118,fv170186,0.2951724231243133,0.1456650495529174
119,fn100173,0.1029572859406471,0.0396260917186737
120,fn000083,0.2741935551166534,0.145569622516632
121,fv160046,0.2493573278188705,0.1333333402872085
122,fn100202,0.104215458035469,0.044606477022171
123,fn000554,0.5840708017349243,0.3146258592605591
124,fn000672,0.2948718070983886,0.1018518507480621
125,fn000836,0.5962800979614258,0.3000437021255493
126,fv170167,0.0448791719973087,0.0128177739679813
127,fn100316,0.2366863936185836,0.1384274661540985
128,fn000077,0.5639097690582275,0.3343653380870819
129,fv170182,0.4757281541824341,0.2512538731098175
130,fv160148,0.2392405122518539,0.1048840880393982
131,fv170207,0.1116225570440292,0.0415948294103145
132,fv170011,0.3454133570194244,0.1422557085752487
133,fv160167,0.9157894849777222,0.6296296119689941
134,fv170142,0.0494382008910179,0.0175328738987445
135,fn000109,0.2682926952838897,0.1265060305595398
136,fn000411,0.2054053992033004,0.1003070622682571
137,fn100189,0.1806526780128479,0.0682160556316375
138,fn000515,0.2246963530778885,0.1096385568380355
139,fn000843,0.6106870174407959,0.319218248128891
140,fn100028,0.4352331459522247,0.2328358143568039
141,fv170009,0.1721778810024261,0.0630881115794181
142,fn100218,0.4680337607860565,0.2589392960071563
143,fv170029,0.2913165390491485,0.1388447284698486
144,fn000725,0.2352941185235977,0.111711710691452
145,fv170166,0.321123331785202,0.141034722328186
146,fn000729,0.3691588640213012,0.1911487728357315
147,fv170006,0.1687571257352829,0.0562300309538841
148,fn100183,0.0975056663155555,0.0387759394943714
149,fv170073,0.449760764837265,0.2449464946985244
150,fn000449,0.1875,0.0737704932689666
151,fn100289,0.4098143279552459,0.2363032698631286
152,fn000081,0.3660714328289032,0.1872791498899459
153,fv160140,0.1925754100084304,0.0766504183411598
154,fn000874,0.6954545378684998,0.3215234577655792
155,fn000650,0.2790697813034057,0.0816777050495147
156,fn000551,0.3829787373542785,0.1595330685377121
157,fn000646,0.2417582422494888,0.1327967792749405
158,fn000148,0.4097222089767456,0.1997406035661697
159,fn000150,0.3655172288417816,0.1459667086601257
160,fn100137,0.3621275126934051,0.1971241682767868
161,fn100230,0.072727270424366,0.0369609855115413
162,fn000493,0.2528089880943298,0.1023454144597053
163,fv170124,0.1983471065759658,0.1024883985519409
164,fn000756,0.2160168588161468,0.0795999988913536
165,fn000853,0.4528875350952148,0.1933861970901489
166,fn000763,0.5963302850723267,0.27458256483078
167,fn000789,0.6666666865348816,0.2907563149929046
168,fn100275,0.2129353284835815,0.094560831785202
169,fn000870,0.4741474092006683,0.1847106516361236
170,fn000409,0.0918367356061935,0.0361268632113933
171,fv170016,0.2037037014961242,0.0805369094014167
172,fn000531,0.2303493469953537,0.0934639126062393
173,fn000615,0.4119241237640381,0.2071768939495086
174,fv170101,0.1910112351179123,0.0857511311769485
175,fn100097,0.0584862381219863,0.0163412559777498
176,fn100088,0.0792751982808113,0.026376387104392
177,fn000585,0.4829875528812408,0.1996753215789795
178,fv160120,0.3333333432674408,0.1520119160413742
179,fv160107,0.3609756231307983,0.1673040091991424
180,fn000453,0.1162303686141967,0.0532754547894001
181,fn000798,0.3510203957557678,0.1906274855136871
182,fn000888,0.4818181693553924,0.2060660123825073
183,fv170189,0.45016610622406,0.2142368257045745
184,fn100253,0.3277311027050018,0.1455108374357223
185,fv170026,0.2397072315216064,0.1098235920071601
186,fn000491,0.1752951890230178,0.0723426043987274
187,fn100133,0.2663115859031677,0.1330601125955581
188,fn100094,0.0907003432512283,0.0310969110578298
189,fv170110,0.2655086815357208,0.1183970868587493
190,fn100070,0.2768361568450928,0.1369863003492355
191,fv170074,0.3115124106407165,0.1372871994972229
192,fv170096,0.0898876413702964,0.0311402473598718
193,fn000737,0.3033707737922668,0.1117424219846725
194,fn000415,0.1933867782354354,0.0879984647035598
195,fv170010,0.5303643941879272,0.268202394247055
196,fn000608,0.4302325546741485,0.2287581712007522
197,fn000890,0.8188976645469666,0.4107929468154907
198,fn000420,0.190476194024086,0.0799999982118606
199,fv160006,0.4717741906642914,0.2470588237047195
200,fn100260,0.1610660552978515,0.0738095268607139
201,fn000673,0.1012514233589172,0.040669348090887
202,fv160170,0.3925233781337738,0.1948998123407364
203,fn000043,0.4955752193927765,0.2248814105987548
204,fv170092,0.3839285671710968,0.1859756112098693
205,fn000118,0.4832214713096618,0.2329472303390503
206,fn100246,0.3363994657993316,0.1723762899637222
207,fv160017,0.1474067270755767,0.0588932149112224
208,fv170033,0.1890189051628112,0.0785215497016906
209,fv170145,0.095842957496643,0.0375404544174671
210,fv160149,0.3041474521160126,0.137333333492279
211,fv160060,0.5193798542022705,0.3089171946048736
212,fn000157,0.146276593208313,0.0586368180811405
213,fv170131,0.1909774392843246,0.0835838839411735
214,fv160208,0.2191780805587768,0.0977157354354858
215,fv170017,0.2226107269525528,0.0943313613533973
216,fv160203,0.2153846174478531,0.0835509151220321
217,fn100301,0.0756395980715751,0.0341968908905983
218,fv160186,0.3571428656578064,0.1559019982814788
219,fv170170,0.2132701426744461,0.0915670245885849
220,fv170040,0.2158836722373962,0.0736886784434318
221,fn000873,0.2899669110774994,0.1008333340287208
222,fn000140,0.5,0.2083333283662796
223,fv170049,0.1199510395526886,0.0442539379000663
224,fn000049,0.2609351575374603,0.1238991767168045
225,fn000568,0.3901098966598511,0.1957894712686538
226,fn000688,0.5648351907730103,0.2174465358257293
227,fn000506,0.343478262424469,0.1680814921855926
228,fn100155,0.0962162166833877,0.0400899983942508
229,fv160179,0.4776119291782379,0.2622478306293487
230,fv160156,0.201646089553833,0.0745481923222541
231,fv160151,0.339483380317688,0.1561822146177292
232,fv160144,0.2046783566474914,0.0818083956837654
233,fn000442,0.3237410187721252,0.1718538552522659
234,fn000090,0.1102620065212249,0.0432500541210174
235,fv170043,0.1693181842565536,0.0552344247698783
236,fv160109,0.1317365318536758,0.0419026054441928
237,fv170084,0.1173184365034103,0.0484183356165885
238,fv160162,0.5454545617103577,0.3206176161766052
239,fv170104,0.1622641533613205,0.0574492514133453
240,fv160142,0.2057416290044784,0.0824489817023277
241,fv170202,0.1304893344640731,0.0504708997905254
242,fn000818,0.4705882370471954,0.2041800618171692
243,fn000597,0.4399574995040893,0.1986588388681411
244,fv170002,0.1002331003546714,0.0350533425807952
245,fn000751,0.4105691015720367,0.2194159477949142
246,fv160187,0.3873015940189361,0.183673471212387
247,fn000773,0.4095634222030639,0.217858612537384
248,fn000697,0.5,0.2375249564647674
249,fv160016,0.3442623019218445,0.1622060090303421
250,fv160171,0.4156626462936401,0.2265258282423019
251,fv160070,0.1661631464958191,0.0803093388676643
252,fv160018,0.4268907606601715,0.2241144478321075
253,fn000414,0.3619047701358795,0.1476190537214279
254,fv170015,0.232876718044281,0.1022260636091232
255,fv170164,0.5782396197319031,0.3151883482933044
256,fn000079,0.4870466291904449,0.3161843419075012
257,fn000135,0.1324404776096344,0.0530370362102985
258,fv170121,0.290630966424942,0.1338928788900375
259,fn000030,0.6776406168937683,0.3405125439167022
260,fn000125,0.3770161271095276,0.1961226314306259
261,fv170056,0.2405660450458526,0.1032702252268791
262,fn000052,0.349282294511795,0.1792792826890945
263,fv170177,0.271619975566864,0.1196783334016799
264,fn000669,0.0531177818775177,0.0172230489552021
265,fn000560,0.3720930218696594,0.1649269312620163
266,fv170172,0.1025641039013862,0.0379280447959899
267,fn000502,0.1021897792816162,0.0391363017261028
268,fv170163,0.3674911558628082,0.2091104686260223
269,fv170001,0.2835472524166107,0.126593604683876
270,fv170095,0.2765530943870544,0.1309655904769897
271,fn000534,0.2263300269842147,0.100644938647747
272,fn000425,0.0883620679378509,0.0348860658705234
273,fv160201,0.3006992936134338,0.1396276652812957
274,fn000891,0.5385450720787048,0.220472440123558
275,fn100012,0.106981985270977,0.0337596982717514
276,fn100208,0.3890274167060852,0.198734849691391
277,fv160130,0.3826530575752258,0.1862433850765228
278,fn000811,0.282633364200592,0.1190223172307014
279,fn000866,0.4649214744567871,0.199836865067482
280,fv170031,0.108753316104412,0.0390227921307086
281,fn000862,0.2858757078647613,0.0923109427094459
282,fv160069,0.137168139219284,0.0714893639087677
283,fn000558,0.2335164844989776,0.0879530906677246
284,fv170191,0.2488986849784851,0.1105951890349388
285,fv170185,0.3333333432674408,0.1610991358757019
286,fn000656,0.3467336595058441,0.1899710744619369
287,fv160065,0.3550724685192108,0.1712707132101059
288,fn100169,0.3923865258693695,0.192746415734291
289,fn000812,0.780415415763855,0.4170644283294678
290,fv160166,0.5413534045219421,0.3246153891086578
291,fn100002,0.2463768124580383,0.1205607503652572
292,fn000641,0.0686845183372497,0.0229288339614868
293,fn000783,0.6818181872367859,0.3701188564300537
294,fn000120,0.4545454680919647,0.2818499207496643
295,fv170027,0.1374113410711288,0.0560825429856777
296,fn000047,0.5732546448707581,0.2703971862792969
297,fv170013,0.2158836722373962,0.0861367061734199
298,fn000428,0.0501672253012657,0.0175475254654884
299,fn000115,0.0950276255607605,0.0352841764688491
300,fv170083,0.1387614607810974,0.0519366189837455
301,fn000803,0.4784017205238342,0.2334183603525161
302,fn000097,0.3070175349712372,0.1082910299301147
303,fn000797,0.3951271176338196,0.1649550646543502
304,fn000671,0.0577367208898067,0.0170757733285427
305,fv160215,0.3499999940395355,0.1751938015222549
306,fv170037,0.1705336421728134,0.0621104203164577
307,fn000614,0.5527728199958801,0.2748309075832367
308,fn000517,0.380952388048172,0.1641791015863418
309,fv160218,0.2058823555707931,0.075396828353405
310,fn000792,0.3981481492519378,0.2053097337484359
311,fn000093,0.1747572869062423,0.0568383671343326
312,fn100154,0.1791443824768066,0.0923520922660827
313,fn100192,0.1034870669245719,0.0402334779500961
314,fn000092,0.1218441277742385,0.047939445823431
315,fn000075,0.3363636434078216,0.16006600856781
316,fn000064,0.184630736708641,0.0633775368332862
317,fv160057,0.3522727191448211,0.1708542704582214
318,fv160077,0.090090088546276,0.0340136066079139
319,fn000421,0.0793650820851326,0.0294179450720548
320,fv160052,0.4770889580249786,0.27381631731987
321,fn100309,0.4096385538578033,0.2035959810018539
322,fn000084,0.1376734226942062,0.0594650208950042
323,fn000653,0.0942111238837242,0.0352320671081543
324,fv160132,0.2637362778186798,0.1168582364916801
325,fn000776,0.7263157963752747,0.3463796377182007
326,fn000739,0.1818181872367859,0.0534653477370739
327,fv170175,0.2843243181705475,0.1269402503967285
328,fn000384,0.1067415699362754,0.0405942648649215
329,fv170086,0.2051282078027725,0.0895940288901329
330,fv160063,0.2091503292322158,0.1093544140458107
331,fn000069,0.2051282078027725,0.0888888910412788
332,fn000771,0.2978236079216003,0.105747640132904
333,fn000127,0.2076813727617263,0.0914335176348686
334,fn000151,0.251655638217926,0.1271276623010635
335,fv160002,0.8011869192123413,0.5255623459815979
336,fv170198,0.1296534091234207,0.0477799214422702
337,fn100019,0.1264236867427826,0.0482287667691707
338,fv160141,0.4745269417762756,0.2511806488037109
339,fn000778,0.6168224215507507,0.321561336517334
340,fn000879,0.5156903862953186,0.2293726056814193
341,fn000450,0.0779509991407394,0.0266914963722229
342,fv170077,0.2935605943202972,0.1418139934539795
343,fn000735,0.25,0.1044444441795349
344,fv170023,0.1150758266448974,0.0388541333377361
345,fn000497,0.1748188436031341,0.077104777097702
346,fv160037,0.2268292754888534,0.1103482097387313
347,fn000145,0.1644670069217682,0.0733056738972663
348,fn100151,0.0569476075470447,0.0194092821329832
349,fn000408,0.2874999940395355,0.077433630824089
350,fn000637,0.1108545064926147,0.0431701019406318
351,fv170042,0.2894450426101684,0.1129303127527237
352,fv170126,0.1758499443531036,0.06476741284132
353,fv170129,0.2153392285108566,0.1082437261939048
354,fn100297,0.4625850319862366,0.2408660352230072
355,fv160053,0.4455782175064087,0.2181818187236786
356,fn000864,0.4446878433227539,0.1656595170497894
357,fv160076,0.2063492089509964,0.1008771955966949
358,fn000510,0.1291355341672897,0.0547747015953063
359,fn000740,0.0624315440654754,0.025766871869564
360,fn000703,0.2435897439718246,0.0724299028515815
361,fv170140,0.1124661266803741,0.0388522110879421
362,fv160035,0.6058823466300964,0.354055643081665
363,fv170120,0.1634981036186218,0.0723514184355735
364,fn000141,0.2670807540416717,0.1367521435022354
365,fv170144,0.0734265744686126,0.0215100012719631
366,fn000065,0.2024793326854705,0.1013567447662353
367,fn100326,0.5420420169830322,0.298477441072464
368,fn100314,0.0992108210921287,0.0412220135331153
369,fv160013,0.5706806182861328,0.3415948152542114
370,fv170127,0.1892925500869751,0.087004005908966
371,fn000717,0.3085106313228607,0.1338432133197784
372,fv160189,0.4099999964237213,0.25
373,fn000430,0.336448609828949,0.1441441476345062
374,fn000755,0.406896561384201,0.2384105920791626
375,fn000855,0.3481953144073486,0.1375000029802322
376,fv170180,0.3555555641651153,0.1724050045013427
377,fv160038,0.3485576808452606,0.1817752569913864
378,fv160118,0.2906976640224457,0.147058829665184
379,fv160217,0.2182835787534713,0.121309146285057
380,fn000074,0.3851590156555176,0.183673471212387
381,fn100300,0.2786377668380737,0.1681957244873047
382,fn000668,0.1400000005960464,0.0694698318839073
383,fn000710,0.0529344081878662,0.0168335810303688
384,fn100157,0.1202702671289444,0.0479343235492706
385,fv170138,0.0464037135243415,0.0166738852858543
386,fn000832,0.5470333099365234,0.2951061427593231
387,fv160049,0.4017857015132904,0.2015537321567535
388,fn000666,0.2040816396474838,0.0699865445494651
389,fn000655,0.1109813079237937,0.0424477495253086
390,fv170176,0.3030303120613098,0.1685312986373901
391,fn000437,0.0759776532649993,0.0300375465303659
392,fn000698,0.0926773473620414,0.0420042648911476
393,fn000631,0.4383561611175537,0.2002456933259964
394,fn100304,0.0862656086683273,0.0405234284698963
395,fv170192,0.4003868401050567,0.1820167452096939
396,fn000647,0.0894677266478538,0.0326271168887615
397,fv170137,0.1081703081727027,0.0357990078628063
398,fv170057,0.1441774517297744,0.0539215691387653
399,fv170036,0.1686098724603653,0.0638837218284607
400,fv160160,0.4635761678218841,0.2601398527622223
401,fn000418,0.1159737408161163,0.0486618019640445
402,fn000539,0.4597701132297516,0.2222222238779068
403,fn000078,0.2755555510520935,0.140638992190361
404,fn100164,0.1118421033024787,0.0542094446718692
405,fv160129,0.3040540516376495,0.1564986705780029
406,fv170039,0.1972111612558365,0.0772482678294181
407,fv170019,0.2231404930353164,0.0975219830870628
408,fv170199,0.2475409805774688,0.0935133323073387
409,fn000618,0.5733333230018616,0.298288494348526
410,fn000129,0.1315789520740509,0.0473151393234729
411,fn100310,0.167045459151268,0.0791260078549385
412,fn100298,0.1793981492519378,0.0848603844642639
413,fn000732,0.1393258422613144,0.0601725243031978
414,fn000153,0.3649393618106842,0.1694736778736114
415,fv170158,0.2564402818679809,0.1159817352890968
416,fn000138,0.1545454561710357,0.0670016780495643
417,fn000105,0.2064516097307205,0.0759951770305633
418,fn000663,0.154292345046997,0.0676724165678024
419,fn100227,0.0910031050443649,0.0348995923995971
420,fn100220,0.4608379006385803,0.2754402160644531
421,fv170094,0.0501750297844409,0.0144833549857139
422,fv170100,0.1385826766490936,0.0524003766477108
423,fv160150,0.2903225719928741,0.1065493673086166
424,fn000427,0.1974522322416305,0.100613497197628
425,fv170183,0.1341463476419448,0.0598854348063468
426,fv170030,0.178438663482666,0.0705821737647056
427,fn000760,0.5204872488975525,0.2070918977260589
428,fv170069,0.1153846159577369,0.0459467358887195
429,fv170085,0.2216748744249344,0.0925795063376426
430,fn000609,0.4464579820632934,0.2200328409671783
431,fn100239,0.1419939547777176,0.0581395365297794
432,fn000152,0.2435897439718246,0.1239368170499801
433,fv170068,0.1319875717163086,0.0552995391190052
434,fv170041,0.0819304138422012,0.0294798910617828
435,fv160029,0.3241758346557617,0.1712938696146011
436,fv160054,0.4285714328289032,0.2417582422494888
437,fn000767,0.2926829159259796,0.1151385903358459
438,fn000396,0.1935483813285827,0.0654205605387687
439,fn000885,0.3592551946640014,0.1725986301898956
440,fv160050,0.5362318754196167,0.3093145787715912
441,fn000762,0.3945435583591461,0.1533742398023605
442,fn000746,0.417391300201416,0.1822429895401001
443,fn000839,0.9339080452919006,0.4809304773807525
444,fv160206,0.289473682641983,0.1307947039604187
445,fn000823,0.4606741666793823,0.2421453446149826
446,fn000412,0.0815402045845985,0.0314267762005329
447,fv160045,0.1556802242994308,0.0735052078962326
448,fv170061,0.0584269650280475,0.0228744074702262
449,fv170146,0.1572254300117492,0.0604419410228729
450,fv160191,0.3220339119434356,0.1459227502346038
451,fn100093,0.3052631616592407,0.1155963316559791
452,fv160005,0.4020442962646484,0.2094525694847107
453,fv160125,0.4395393431186676,0.2486569434404373
454,fn000820,0.5111111402511597,0.2527472674846649
455,fn000727,0.25,0.1080617532134056
456,fn000802,0.4439461827278137,0.2229074835777282
457,fn100180,0.5530303120613098,0.304411768913269
458,fv160207,0.2272727340459823,0.0881542712450027
459,fv170076,0.3626062273979187,0.1860313266515731
460,fv170184,0.1940463036298751,0.092445969581604
461,fn000881,0.5541922450065613,0.2159643471240997
462,fn000860,0.4501679837703705,0.179009735584259
463,fn000439,0.3611111044883728,0.1644067764282226
464,fn000649,0.093891404569149,0.0311710201203823
465,fn100212,0.8898026347160339,0.61042720079422
466,fn000777,0.4153499007225036,0.1722138673067093
467,fv160113,0.2477064281702041,0.1107266470789909
468,fv170173,0.2593856751918793,0.1091992035508155
469,fv160173,0.4252873659133911,0.2098501026630401
470,fn100072,0.0338785052299499,0.0144117018207907
471,fn000147,0.209370419383049,0.1049985215067863
472,fn000795,0.3460246324539184,0.1445553004741668
473,fn100065,0.0922721996903419,0.0353642962872982
474,fn000821,0.3464658260345459,0.1500000059604644
475,fv170065,0.2336956560611724,0.1133982017636299
476,fn000661,0.0472895056009292,0.016481164842844
477,fn000086,0.5875486135482788,0.3726993799209595
478,fn100166,0.3218884170055389,0.1578073054552078
479,fn000524,0.1625282168388366,0.0609215758740901
480,fv170021,0.1358792185783386,0.0495131202042102
481,fv160024,0.2471910119056701,0.1046686768531799
482,fn100226,0.2705313861370086,0.1122448965907096
483,fn000810,0.4682539701461792,0.2301136404275894
484,fn100167,0.1040723994374275,0.0448515489697456
485,fn100313,0.2463157922029495,0.1324474960565567
486,fn000842,0.3510158061981201,0.118199273943901
487,fv160091,0.4908256828784942,0.2963671088218689
488,fv160176,0.5483871102333069,0.3033707737922668
489,fn000433,0.3157894611358642,0.160465121269226
490,fv170201,0.195987656712532,0.0796460211277008
491,fn100188,0.2682926952838897,0.1331802457571029
492,fv160168,0.2746478915214538,0.1265306174755096
493,fn000691,0.3091095089912414,0.1163385808467865
494,fn000062,0.11675675958395,0.0455216020345687
495,fn000696,0.1223103031516075,0.0522655434906482
496,fn000536,0.4166666567325592,0.1860465109348297
497,fn100290,0.1262798607349395,0.0552731901407241
498,fn000383,0.2588235437870025,0.0744274780154228
499,fv170111,0.2322097420692443,0.101876676082611
500,fv170022,0.2033613473176956,0.0805884227156639
501,fv170155,0.2274096459150314,0.0937311649322509
502,fn000123,0.1861804276704788,0.0888373926281929
503,fv160059,0.3984375,0.1788375526666641
504,fn100317,0.0367393791675567,0.0101351346820592
505,fn000714,0.4072398245334625,0.2422586530447006
506,fn100067,0.0945945978164672,0.0338123403489589
507,fv160178,0.3779069781303406,0.1978798657655716
508,fv160084,0.1343283653259277,0.0475059375166893
509,fn000088,0.3203125,0.1719939112663269
510,fv160174,0.6370370388031006,0.3206997215747833
511,fn000091,0.3245901763439178,0.1509900987148285
512,fn000050,0.1978022009134292,0.0701754391193389
513,fn000436,0.2068965584039688,0.0879999995231628
514,fn100068,0.0477855466306209,0.0164459627121686
515,fn000621,0.5046728849411011,0.259194403886795
516,fv160099,0.2156862765550613,0.0872483253479003
517,fn000640,0.1322957128286361,0.0524017475545406
518,fn000889,0.3791574239730835,0.1202545091509819
519,fn100272,0.2930672168731689,0.1438053101301193
520,fn000731,0.2978723347187042,0.1426553726196289
521,fv160030,0.3157894611358642,0.1510989069938659
522,fv170007,0.2036405056715011,0.0890514105558395
523,fn000702,0.0808656066656112,0.0341173969209194
524,fv170034,0.1868544667959213,0.0775603726506233
525,fn000665,0.1016355156898498,0.038494624197483
526,fn100178,0.158075600862503,0.0657136738300323
527,fv160026,0.5197740197181702,0.2716763019561767
528,fv170099,0.4965035021305084,0.2632013261318207
529,fn000726,0.1121076196432113,0.0446205176413059
530,fv160000,0.3016528785228729,0.1470335274934768
531,fv170139,0.3915592133998871,0.1867145448923111
532,fv160004,0.6126428842544556,0.3280041813850403
533,fn100319,0.2169811278581619,0.1064665094017982
534,fn000440,0.0749711617827415,0.0323541946709156
535,fn000700,0.1281464546918869,0.053808819502592
536,fv170070,0.1370967775583267,0.0502434708178043
537,fn000707,0.1956521719694137,0.0655737668275833
538,fv160011,0.3210332095623016,0.1715137958526611
539,fv160138,0.3856813013553619,0.2129881978034973
540,fv170147,0.1084337383508682,0.0389316417276859
541,fn000887,0.3020277619361877,0.107258066534996
542,fv160121,0.3846153914928436,0.1557376980781555
543,fn000809,0.4757505655288696,0.2256456762552261
544,fn000886,0.3478260934352875,0.1456888020038604
545,fv170108,0.1478743106126785,0.0572289153933525
546,fv160127,0.3771186470985412,0.1570639312267303
547,fv160003,0.4906542003154754,0.2608277201652527
548,fv160080,0.350649356842041,0.1822849810123443
549,fn000107,0.2342342287302017,0.1233964562416076
550,fn000758,0.2708559036254883,0.0950932651758194
551,fv160105,0.3628318607807159,0.1860095411539077
552,fn100209,0.394910454750061,0.1895635724067688
553,fn000071,0.3647798597812652,0.2018348574638366
554,fn000087,0.1334792077541351,0.0546940490603446
555,fn100320,0.0320733115077018,0.0124735729768872
556,fn000694,0.4070706963539123,0.1506717801094055
557,fn000059,0.4845360815525055,0.2705338895320892
558,fn000080,0.2378048747777938,0.1144447848200798
559,fn100011,0.264488935470581,0.1295238137245178
560,fn000859,0.6443418264389038,0.3302497565746307
561,fv170018,0.2243947833776474,0.0864285677671432
562,fv170187,0.3441295623779297,0.1571782231330871
563,fv170134,0.1139896363019943,0.037695076316595
564,fn100263,0.1917808204889297,0.0867064371705055
565,fv170169,0.4085027873516083,0.2057231217622757
566,fv160194,0.5789473652839661,0.2451923042535781
567,fv170157,0.1720867156982422,0.0775499492883682
568,fv160010,0.6228070259094238,0.3563636243343353
569,fn000675,0.1490329951047897,0.0638523548841476
570,fn000082,0.1451440751552581,0.0531045757234096
571,fv170078,0.1923076957464218,0.0899849385023117
572,fv160196,0.3626373708248138,0.2359081357717514
573,fn000799,0.1717724353075027,0.0647864267230033
574,fn000116,0.3916666805744171,0.2084690481424331
575,fv160116,0.2714285850524902,0.1578249335289001
576,fv170195,0.1718538552522659,0.0603081844747066
577,fv170130,0.1339563876390457,0.0527786388993263
578,fv160110,0.3055555522441864,0.1784776896238327
579,fn000705,0.2270742356777191,0.0896551758050918
580,fn000447,0.0784753337502479,0.0287963543087244
581,fn100259,0.5709876418113708,0.295021504163742
582,fn000587,0.4674556255340576,0.2365714311599731
583,fv160209,0.4308943152427673,0.2325228005647659
584,fn000750,0.4837261438369751,0.2231884002685547
585,fv170025,0.1839495003223419,0.0719120129942894
586,fn000667,0.0847457647323608,0.0338235311210155
587,fn000814,0.6516854166984558,0.355460375547409
588,fv170165,0.3295454680919647,0.1705110818147659
589,fv170055,0.2366325408220291,0.0949217900633812
590,fn000827,0.3874458968639374,0.1625844538211822
591,fn000137,0.1219512224197387,0.05546111240983
592,fn000846,0.3581932783126831,0.1340103596448898
593,fn000600,0.2939958572387695,0.1254173666238784
594,fn000594,0.6381502747535706,0.3217703402042389
595,fv160185,0.3716814219951629,0.2097053676843643
596,fv170064,0.1568000018596649,0.0751445069909095
597,fn000830,0.2470205873250961,0.0997959151864051
598,fv170081,0.1787280738353729,0.0722175016999244
599,fn000738,0.0662100464105606,0.0267875976860523
600,fv170107,0.1180981621146202,0.0438778549432754
601,fv160169,0.4000000059604645,0.1894484460353851
602,fn000455,0.2236842066049575,0.0963855385780334
603,fn000884,0.8235294222831726,0.5615763664245605
604,fn000445,0.3168316781520843,0.1410934776067733
605,fv160034,0.3333333432674408,0.1597869545221328
606,fv170206,0.1640058010816574,0.066334992647171
607,fv160115,0.3977900445461273,0.2024414986371994
608,fn100130,0.4833759665489197,0.2768995463848114
609,fn100213,0.8350649476051331,0.5619422793388367
610,fv160073,0.1935483813285827,0.0740181282162666
611,fn000829,0.3517588078975677,0.1851099878549575
612,fn000509,0.328000009059906,0.1460843384265899
613,fn000658,0.252427190542221,0.0932358354330062
614,fn000715,0.1098654717206955,0.0506382100284099
615,fv160008,0.417600005865097,0.2430769205093383
616,fn000596,0.6330274939537048,0.325966864824295
617,fn000736,0.1082004532217979,0.0408725105226039
618,fv160183,0.614814817905426,0.334323912858963
619,fv170116,0.2522123754024505,0.1158798262476921
620,fv160041,0.2804054021835327,0.1572528928518295
621,fv160143,0.3455284535884857,0.1881422996520996
622,fn000639,0.0838779956102371,0.0303582269698381
623,fn000494,0.2122538238763809,0.0861590951681137
624,fv160056,0.5542725324630737,0.3254786431789398
625,fn000833,0.4010695219039917,0.1844227463006973
626,fn000845,0.4523809552192688,0.2305647879838943
627,fn100257,0.1240045502781868,0.0484348572790622
628,fv160213,0.2033195048570633,0.0876007303595542
629,fv160112,0.3846153914928436,0.1840796023607254
630,fv160092,0.2985074520111084,0.1310212016105651
631,fv170143,0.1797297298908233,0.0666160061955452
632,fv160214,0.5542168617248535,0.2757894694805145
633,fn000693,0.5411764979362488,0.3592715263366699
634,fv160047,0.2743362784385681,0.1502683311700821
635,fv170014,0.2699662446975708,0.1083458513021469
636,fv160009,0.4859437644481659,0.2860938906669616
637,fv170075,0.1869328469038009,0.0966420993208885
638,fv170152,0.0733197554945945,0.0265282578766345
639,fv170188,0.3248587548732757,0.1528822034597396
640,fn100295,0.1214528977870941,0.0469968393445014
641,fv170106,0.138376384973526,0.0486763454973697
642,fn000643,0.0845714285969734,0.0279601775109767
643,fn000685,0.4662447273731231,0.1928223818540573
644,fn000402,0.1452702730894088,0.0599078349769115
645,fv170005,0.2172413766384124,0.0860354527831077
646,fn100078,0.3448275923728943,0.1899224817752838
647,fn100236,0.2166064977645874,0.1135122328996658
648,fn100247,0.2050163596868515,0.0971416756510734
649,fv160180,0.2750000059604645,0.1172214150428772
650,fv170190,0.4495114088058471,0.2095808386802673
651,fn100201,0.3725490272045135,0.1979404985904693
652,fn000659,0.0951834842562675,0.036863412708044
653,fn000579,0.4138613939285278,0.1895193010568618
654,fn100306,0.4040968418121338,0.2138245403766632
655,fv170047,0.1356628984212875,0.0502000004053115
656,fn000076,0.3204419910907745,0.1564856767654419
657,fv170208,0.1385597139596939,0.0616949163377285
658,fn000816,0.3719806671142578,0.2052274942398071
659,fv160155,0.4869791567325592,0.2542643845081329
660,fn000106,0.1475694477558136,0.0564686730504035
661,fn000128,0.2517006695270538,0.1260923892259597
662,fn000660,0.4571428596973419,0.2051755934953689
663,fv170048,0.0764966756105423,0.03221021220088
664,fn000807,0.2794457376003265,0.112594187259674
665,fv170162,0.1808346211910247,0.0759065747261047
666,fn000759,0.6507936716079712,0.3553191423416137
667,fn100244,0.292004644870758,0.1483455449342727
668,fn100256,0.3710292279720306,0.212414875626564
669,fn000882,0.6789297461509705,0.4082551598548889
670,fn000399,0.5537189841270447,0.3196721374988556
671,fn000628,0.3551796972751617,0.1427668929100036
672,fv170109,0.1728624552488327,0.0837917923927307
673,fv170171,0.26276695728302,0.1188466921448707
674,fv160043,0.3777777850627899,0.2111506462097168
675,fv160161,0.3139534890651703,0.1635944694280624
676,fn000063,0.4935064911842346,0.2887989282608032
677,fn100150,0.2702702581882477,0.1433905959129333
678,fn100323,0.0477272719144821,0.0159563291817903
679,fn000806,0.3733333349227905,0.1833122670650482
680,fv160001,0.4486956596374511,0.2260869592428207
681,fn000612,0.5273865461349487,0.2175692766904831
682,fn000036,0.7200000286102295,0.4259259402751922
683,fn000602,0.2857142984867096,0.1012311875820159
684,fn000122,0.3063829839229584,0.1507293283939361
685,fn100022,0.1758849620819091,0.0713547021150589
686,fn000635,0.1581632643938064,0.0864699929952621
687,fn000652,0.5175879597663879,0.2784935534000397
688,fn000582,0.3846153914928436,0.148597240447998
689,fn000548,0.2413793057203292,0.1033950597047805
690,fn000132,0.209999993443489,0.0697674453258514
691,fn100029,0.1724915504455566,0.0810524076223373
692,fv160090,0.2887700498104095,0.1441532224416732
693,fv170113,0.1903171986341476,0.0911510288715362
694,fn000549,0.2576271295547485,0.1182834506034851
695,fn100141,0.2505263090133667,0.1233243942260742
696,fn000599,0.4640287756919861,0.2439886778593063
697,fv160039,0.4930313527584076,0.2771428525447845
698,fn000590,0.617977499961853,0.2936170101165771
699,fn000872,0.4882075488567352,0.2816901504993438
700,fn000588,0.2808870077133178,0.1143372058868408
701,fn100303,0.2850241661071777,0.1459715664386749
702,fv160044,0.4458161890506744,0.2469912469387054
703,fn000112,0.1930207163095474,0.0746018439531326
704,fn000070,0.1943462938070297,0.0902228578925132
705,fv160040,0.5514950156211853,0.3090909123420715
706,fn000684,0.6325459480285645,0.3384700119495392
707,fn000503,0.1302037239074707,0.0500495545566082
708,fn000753,0.5555555820465088,0.3157894611358642
709,fv170128,0.1239570900797844,0.0480398833751678
710,fn000557,0.2352941185235977,0.1133231222629547
711,fn000664,0.2191780805587768,0.122249387204647
712,fn000094,0.1212669685482978,0.0424995794892311
713,fn000574,0.4264705777168274,0.2199210971593856
714,fn000670,0.09375,0.039355993270874
715,fn000892,0.6056803464889526,0.3479705452919006
716,fv160025,0.4814814925193786,0.2295988947153091
717,fn000642,0.2000000029802322,0.0441988967359066
718,fn000527,0.2682926952838897,0.1227272748947143
719,fv170102,0.1987767517566681,0.0817571654915809
720,fn000154,0.3105590045452118,0.144943818449974
721,fv160071,0.1119403019547462,0.0610263533890247
722,fv160058,0.1370967775583267,0.062957540154457
723,fn000856,0.3092105388641357,0.120525062084198
724,fn000868,0.274371862411499,0.0980015397071838
725,fv160083,0.2358490526676178,0.1125703528523445
726,fn000423,0.270000010728836,0.1414913982152938
727,fn000099,0.2310126572847366,0.1168495789170265
728,fv170154,0.3169811367988586,0.1514677107334137
729,fn000134,0.3221476376056671,0.1621621549129486
730,fv160134,0.3220339119434356,0.1406959146261215
731,fn000124,0.38053098320961,0.1961102038621902
732,fv160085,0.2638888955116272,0.1081794202327728
733,fn000861,0.4727475047111511,0.2318046987056732
734,fn000121,0.2316666692495346,0.1101459339261055
735,fn000633,0.4000000059604645,0.2132963985204696
736,fv160094,0.3409090936183929,0.1921126693487167
737,fv170053,0.2970027327537536,0.1213991791009903
738,fv160204,0.4000000059604645,0.1635220199823379
739,fn000139,0.0756843835115432,0.0320821292698383
740,fn000417,0.2173912972211837,0.0935672521591186
741,fn000096,0.1895124167203903,0.0788610875606536
742,fn100307,0.1378923803567886,0.0624089874327182
743,fn100177,0.3918918967247009,0.2271441966295242
744,fv170153,0.2972459495067596,0.1384479701519012
745,fv170204,0.0486111119389534,0.0154772140085697
746,fv170038,0.1329609006643295,0.0475489161908626
747,fv160082,0.6323529481887817,0.3290043175220489
748,fn100074,0.2783018946647644,0.1541155874729156
749,fv170058,0.1493383795022964,0.0646273121237754
750,fv160064,0.1418918967247009,0.0662337690591812
751,fn000624,0.6256983280181885,0.3248618841171264
752,fv170052,0.1565315276384353,0.0589111000299453
753,fv160211,0.383877158164978,0.2032927721738815
754,fn000747,0.443155437707901,0.2071756720542907
755,fv160042,0.3690036833286285,0.2323886603116989
756,fn000500,0.3540855944156647,0.1665500402450561
757,fv170133,0.0799031481146812,0.0213449615985155
758,fn000745,0.5151515007019043,0.2757569253444671
759,fn100279,0.123059868812561,0.0489787422120571
760,fv160098,0.1380897611379623,0.0527789741754531
761,fv160152,0.2583333253860473,0.103721298277378
762,fn100271,0.4324324429035187,0.2496551722288131
763,fn000695,0.2340425550937652,0.1031894907355308
764,fn000622,0.3089887499809265,0.1062812432646751
765,fv160021,0.229813665151596,0.107940450310707
766,fn100216,0.6409903764724731,0.3815261125564575
767,fn100135,0.1444954127073288,0.058684941381216
768,fv170132,0.1043890863656997,0.0419501140713691
769,fn000690,0.2586206793785095,0.1218441277742385
770,fn000844,0.6005859375,0.2666927874088287
771,fn000552,0.2008995562791824,0.0868916064500808
772,fn000793,0.2956926524639129,0.1078209728002548
773,fn000555,0.2573529481887817,0.12029629945755
774,fv170159,0.3451327383518219,0.1751453429460525
775,fv170125,0.3070866167545318,0.1484743654727935
776,fv160022,0.2258064448833465,0.1105590090155601
777,fn100278,0.3942652344703674,0.1985585540533065
778,fv160181,0.7971014380455017,0.4442877173423767
779,fv170051,0.2017937153577804,0.0802047774195671
780,fn000377,0.1197339221835136,0.0441116131842136
781,fv160193,0.5952380895614624,0.3066037595272064
782,fv160147,0.1029748320579528,0.0353116355836391
783,fn000142,0.230158731341362,0.0872092992067337
784,fn000754,0.4766558110713959,0.2136805057525634
785,fn000144,0.3314606845378876,0.1635802537202835
786,fn000572,0.3047831058502197,0.1006683409214019
787,fn000530,0.3181818127632141,0.1172839477658271
788,fv160055,0.5310880541801453,0.3016931712627411
789,fv160163,0.6000000238418579,0.3435980677604675
790,fn000781,0.5,0.2260869592428207
791,fn000603,0.1747572869062423,0.0700880289077758
792,fv160066,0.5542857050895691,0.2653799653053283
793,fn000108,0.1669381111860275,0.0616019554436206
794,fn100193,0.1679999977350235,0.0757510736584663
795,fv170012,0.342797040939331,0.1474673151969909
796,fn000381,0.2010989040136337,0.0873462557792663
797,fn000067,0.3300000131130218,0.1381443291902542
798,fn100231,0.0273660197854042,0.0086261304095387
799,fn000155,0.0794702023267746,0.0329506807029247
800,fn000840,0.7261785268783569,0.3620656132698059
801,fv170066,0.1153136566281318,0.0409556329250335
802,fv160023,0.1461538523435592,0.0695915296673774
803,fv160212,0.1971831023693084,0.0919191911816597
804,fv160188,0.4747474789619446,0.250513345003128
805,fn000848,0.517602264881134,0.2313515543937683
806,fn000824,0.1516533643007278,0.0581222064793109
807,fv160031,0.2148148119449615,0.0857142880558967
808,fv160154,0.3919999897480011,0.1832061111927032
809,fv170067,0.113355778157711,0.0458833612501621
810,fn000104,0.2175480723381042,0.0900254547595977
811,fv170072,0.1532625257968902,0.0655538663268089
812,fn000593,0.7898550629615784,0.4833091497421264
813,fv170119,0.1705498546361923,0.0637595579028129
814,fv160192,0.634782612323761,0.3747714757919311
815,fn000625,0.3993435502052307,0.1705743223428726
816,fn100240,0.0195402298122644,0.0057337014004588
817,fv160175,0.4651162922382355,0.2342342287302017
818,fn000779,0.398084819316864,0.1646698266267776
819,fv160137,0.0882800593972206,0.0260793976485729
820,fv170024,0.1227272748947143,0.0417789742350578
821,fn000113,0.215613380074501,0.0953058302402496
822,fn000787,0.7267441749572754,0.3656036555767059
823,fn000654,0.2761904895305633,0.086505189538002
824,fn100182,0.3196721374988556,0.170364499092102
825,fn000521,0.1602836847305297,0.0668762475252151
826,fv170063,0.1255673170089721,0.050045222043991
827,fn100083,0.141078844666481,0.0427807494997978
828,fn000784,0.4983888268470764,0.2233134061098098
829,fn000372,0.2210526317358017,0.0823529437184333
830,fn000066,0.1813110113143921,0.0775764435529708
831,fn000764,0.5675392746925354,0.2932252585887909
832,fn000061,0.3257575631141662,0.1260162591934204
833,fn000835,0.4259471893310547,0.1717039048671722
834,fn100087,0.2769230902194977,0.1580516844987869
835,fv170136,0.2626025676727295,0.1305518150329589
836,fn000630,0.5161290168762207,0.2175925970077514
837,fn000657,0.0631458088755607,0.0221987310796976
838,fn000143,0.1780366003513336,0.0745974332094192
839,fv160086,0.3675213754177093,0.1592356711626052
840,fn000701,0.2183908075094223,0.0766208246350288
841,fv160106,0.2421052604913711,0.0946196690201759
842,fv160095,0.4433497488498688,0.2925311326980591
843,fv170046,0.093891404569149,0.0388852879405021
844,fn000651,0.0517836585640907,0.0179333910346031
845,fn000718,0.0977528095245361,0.0350695177912712
846,fv160036,0.3325358927249908,0.1629629582166671
847,fn100249,0.1570512801408767,0.0594594590365886
848,fv160072,0.2672413885593414,0.15079365670681
849,fv170174,0.4432234466075897,0.220969557762146
850,fn000749,0.7317073345184326,0.4831730723381042
851,fn100075,0.0665914192795753,0.02332847379148
852,fn000768,0.2291904240846634,0.0787184387445449
853,fv160079,0.4788732528686523,0.198992446064949
854,fn000037,0.512898325920105,0.2189957648515701
855,fn000042,0.5614035129547119,0.3501454889774322
856,fv170115,0.1494435667991638,0.0628034994006156
857,fn000156,0.2456140369176864,0.1087314635515213
858,fn000520,0.1832460761070251,0.0589410588145256
859,fn000518,0.234726682305336,0.1017514616250991
860,fv160205,0.1953290849924087,0.0822397172451019
861,fn000730,0.2069767415523529,0.097688615322113
862,fv160032,0.221590906381607,0.0966666638851165
863,fn000619,0.3666666746139526,0.1503564417362213
864,fv170197,0.2960288822650909,0.1171875
865,fn000073,0.2034482806921005,0.0829216688871383
866,fn000029,0.8262107968330383,0.5067484378814697
867,fv160197,0.5839415788650513,0.3446327745914459
868,fn000434,0.1036383658647537,0.0384141318500041
869,fn000687,0.5703703761100769,0.3119266033172607
870,fv160062,0.1009615361690521,0.0421455949544906
871,fn000867,0.3802395164966583,0.2064979672431945
872,fv160020,0.2762762904167175,0.1465621292591095
873,fv170178,0.2000000029802322,0.0957354232668876
874,fn000869,0.417827308177948,0.2043309211730957
875,fn000098,0.1874439418315887,0.0751308426260948
876,fv160146,0.224137932062149,0.0891141965985298
877,fv170181,0.1459731608629226,0.0542031824588775
878,fv170004,0.3117709457874298,0.1302277445793151
879,fv160139,0.2084942013025283,0.0707002058625221
880,fn000376,0.1771217733621597,0.0707648321986198
881,fv170060,0.3333333432674408,0.1633507907390594
882,fn100018,0.2884615361690521,0.1377188861370086
883,fn000790,0.515418529510498,0.2836752831935882
884,fn100269,0.1060433313250541,0.0425170063972473
885,fn100191,0.3649068176746368,0.1737476289272308
886,fn100282,0.4566145241260528,0.2537270784378052
887,fn000808,0.7395833134651184,0.3510436415672302
888,fv160184,0.5849056839942932,0.3231046795845032
889,fn100265,0.3480519354343414,0.18342886865139
890,fn000051,0.2489208579063415,0.1326470524072647
891,fn000851,0.4473398625850677,0.1824394315481186
892,fn000841,0.4316239356994629,0.1738055944442749
893,fv160119,0.3805970251560211,0.1603498607873916
894,fv170193,0.1868300139904022,0.0853994488716125
895,fn000537,0.2122335433959961,0.0973834693431854
896,fv160124,0.4554455578327179,0.2631579041481018
897,fv160019,0.2422018349170684,0.1001435741782188
898,fn000406,0.0742009133100509,0.0288481786847114
899,fn100234,0.0520833320915699,0.0178913734853267
900,fv170203,0.07941834628582,0.0310559011995792
901,fn000883,0.4758155345916748,0.1736616641283035
902,fv170003,0.3503401279449463,0.1321001052856445
903,fn000103,0.3984962403774261,0.1836158186197281
904,fv170035,0.2486388385295868,0.1091501042246818
905,fn000490,0.2689075767993927,0.1046874970197677
906,fv160159,0.4257425665855407,0.23471400141716
907,fn000679,0.5367572903633118,0.2104138284921646
908,fn000893,0.5036344528198242,0.2188954055309295
909,fn000761,0.4792626798152923,0.2591911852359772
910,fn100084,0.0310701951384544,0.0095057031139731
911,fn000744,0.5975610017776489,0.2713004350662231
912,fv160133,0.4432989656925201,0.21875
913,fn000578,0.5169491767883301,0.2718120813369751
914,fn000546,0.190476194024086,0.0916615575551986
915,fv170062,0.1585365831851959,0.0635622814297676
916,fv170205,0.0601415112614631,0.0174634363502264
917,fv170008,0.2850521504878998,0.1197339221835136
918,fv160123,0.2537313401699066,0.1229868233203888
919,fn000397,0.0877390354871749,0.0327219665050506
920,fv170080,0.2784503698348999,0.1189555153250694
921,fn100223,0.5878679752349854,0.3333333432674408
922,fv160128,0.25,0.1275510191917419
923,fv160198,0.22891566157341,0.0814977958798408
924,fv170071,0.1062271073460578,0.0385726429522037
925,fv160012,0.445328027009964,0.2557363510131836
926,fn000850,0.3901098966598511,0.191314548254013
927,fn000456,0.1529933512210846,0.0581058710813522
928,fn000752,0.4036908745765686,0.1788778901100158
929,fn000674,0.3376623392105102,0.1834170818328857
930,fv160177,0.2020905911922454,0.0850971937179565
931,fn000110,0.1033402904868125,0.0393190123140811
932,fn000819,0.3587443828582763,0.1505279093980789
933,fv160061,0.5357142686843872,0.304964542388916
934,fv170168,0.1496212184429168,0.0584928877651691
935,fn000101,0.4000000059604645,0.1658206433057785
936,fn000875,0.4784530401229858,0.1617954075336456
937,fn000523,0.4111111164093017,0.1589958220720291
938,fn100015,0.1703107059001922,0.0685405433177948
939,fv160202,0.4649122953414917,0.2329192608594894
940,fn100294,0.4197530746459961,0.1948955953121185
941,fn000499,0.1182310432195663,0.0430630035698413
942,fv160200,0.3174603283405304,0.1850746273994445
943,fn100064,0.3625730872154236,0.1801596283912658
944,fn000117,0.2050420194864273,0.0889197662472724
945,fv160157,0.4711538553237915,0.2673611044883728
946,fn000734,0.059564720839262,0.0212359316647052
947,fn000545,0.4166666567325592,0.1545253843069076
948,fv160122,0.4059405922889709,0.1803607195615768
949,fn000801,0.3619361817836761,0.1546739786863327
950,fn000373,0.0937142893671989,0.035592496395111
951,fv170200,0.1029411777853965,0.0338949859142303
952,fn100160,0.2244094461202621,0.0978384539484977
953,fv160007,0.4614661633968353,0.2412347495555877
954,fn000606,0.3264129161834717,0.1397849470376968
955,fn000060,0.2451708763837814,0.121484138071537
956,fn000876,0.3682008385658264,0.1888933926820755
957,fn000046,0.4982698857784271,0.2871212065219879
958,fn100186,0.0329920351505279,0.0123897520825266
959,fn000648,0.3058823645114898,0.1398058235645294
960,fv170112,0.1672185361385345,0.0859244391322135
961,fn000380,0.2988505661487579,0.1466083079576492
962,fv170179,0.3291428685188293,0.1427278965711593
963,fn000708,0.0737797990441322,0.026227444410324
964,fn100096,0.0982142835855484,0.0386513173580169
965,fv170090,0.1649694442749023,0.0604078508913517
966,fn100262,0.288389503955841,0.1168359965085983
967,fn000854,0.3980582654476166,0.1985906511545181
968,fn000709,0.4329896867275238,0.1652173846960067
969,fn000775,0.4491440057754516,0.1946833431720733
970,fn100158,0.0379310362040996,0.0137770241126418
971,fn000791,0.4412416815757751,0.1974386274814605
972,fn000817,0.465042382478714,0.2051126062870025
973,fn000540,0.5370813608169556,0.3427090942859649
974,fn000772,0.546875,0.3068362474441528
975,fn000880,0.6308316588401794,0.3034597635269165
976,fv160114,0.1917808204889297,0.0782396122813224
977,fn000728,0.136114165186882,0.0561475418508052
978,fv170028,0.2001779377460479,0.0878130197525024
979,fn000133,0.2034682035446167,0.0775419026613235
980,fn100131,0.315673291683197,0.1574753671884536
981,fv160074,0.2809523940086365,0.1304347813129425
982,fn000100,0.1404072940349578,0.0564198307693004
983,fv160135,0.3641975224018097,0.2126909494400024
984,fn000533,0.2142857164144516,0.0926243588328361
985,fn000721,0.1369863003492355,0.0390243902802467
986,fv160158,0.7279999852180481,0.4301765561103821
987,fn100268,0.2783505022525787,0.1221682876348495
988,fn000102,0.2839080393314361,0.1347345113754272
