"Root","WER","CER","SpeakerID","Component","Age","Gender","BirthPlace"
"fn000826",0.6350975036621094,0.3552407920360565,"N000320","comp-p","45.0","F","HKG"
"fn000827",0.3874458968639374,0.1625844538211822,"N000320","comp-q","45.0","F","HKG"
"fv160136",0.3131313025951385,0.1548848301172256,"V000143","comp-p","88.0","F","BEL"
"fv170136",0.2626025676727295,0.1305518150329589,"V000143","comp-q","88.0","F","BEL"
"fv160027",0.5924170613288879,0.3160333633422851,"V000046","comp-p","16.0","M","BEL"
"fv170027",0.1374113410711288,0.0560825429856777,"V000046","comp-q","16.0","M","BEL"
"fn000863",0.385135143995285,0.2053175717592239,"N000336","comp-p","29.0","F","RUS"
"fn000864",0.4446878433227539,0.1656595170497894,"N000336","comp-q","29.0","F","RUS"
"fv160014",0.1215469613671302,0.0465631932020187,"V000073","comp-q","11.0","M","BEL"
"fv160037",0.2268292754888534,0.1103482097387313,"V000073","comp-p","11.0","M","BEL"
"fv160172",0.1594746708869934,0.0690518766641616,"V000180","comp-p","71.0","F","BEL"
"fv170167",0.0448791719973087,0.0128177739679813,"V000180","comp-q","71.0","F","BEL"
"fv170045",0.0673400685191154,0.0212949030101299,"V000051","comp-q","16.0","F","BEL"
"fv160045",0.1556802242994308,0.0735052078962326,"V000051","comp-p","16.0","F","BEL"
"fn000800",0.4210526347160339,0.2514619827270508,"N000308","comp-p","14.0","M","ISR"
"fn000801",0.3619361817836761,0.1546739786863327,"N000308","comp-q","14.0","M","ISR"
"fn000796",0.4375,0.236649215221405,"N000306","comp-p","15.0","F","IRQ"
"fn000797",0.3951271176338196,0.1649550646543502,"N000306","comp-q","15.0","F","IRQ"
"fn100185",0.183673471212387,0.0851633623242378,"N100043","comp-p","78.0","F","NL"
"fn100186",0.0329920351505279,0.0123897520825266,"N100043","comp-q","78.0","F","NL"
"fn000782",0.5654205679893494,0.2592010796070099,"N000300","comp-q","17.0","M","AFG"
"fn000781",0.5,0.2260869592428207,"N000300","comp-p","17.0","M","AFG"
"fv170054",0.2384341657161712,0.0944358259439468,"V000063","comp-q","27.0","F","BEL"
"fv160055",0.5310880541801453,0.3016931712627411,"V000063","comp-p","27.0","F","BEL"
"fv160111",0.2403100728988647,0.0901525691151619,"V000120","comp-p","11.0","F","BEL"
"fv170106",0.138376384973526,0.0486763454973697,"V000120","comp-q","11.0","F","BEL"
"fn000095",0.2231404930353164,0.1024464815855026,"N000045","comp-p","12.0","M","NL"
"fn000096",0.1895124167203903,0.0788610875606536,"N000045","comp-q","12.0","M","NL"
"fn100014",0.5729166865348816,0.1870370358228683,"N100005","comp-p","83.0","M","NL"
"fn100015",0.1703107059001922,0.0685405433177948,"N100005","comp-q","83.0","M","NL"
"fv160199",0.3246753215789795,0.1314496248960495,"V000219","comp-p","10.0","F","BEL"
"fv170199",0.2475409805774688,0.0935133323073387,"V000219","comp-q","10.0","F","BEL"
"fn000852",0.5102040767669678,0.2775453329086303,"N000331","comp-p","44.0","M","IRN"
"fn000853",0.4528875350952148,0.1933861970901489,"N000331","comp-q","44.0","M","IRN"
"fn100274",0.4334554374217987,0.2472428828477859,"N100068","comp-p","75.0","F","NL"
"fn100275",0.2129353284835815,0.094560831785202,"N100068","comp-q","75.0","F","NL"
"fn100327",0.3092550933361053,0.1653626561164856,"N100082","comp-q","95.0","M","DEU"
"fn100326",0.5420420169830322,0.298477441072464,"N100082","comp-p","95.0","M","DEU"
"fv160216",0.1646153777837753,0.0616207085549831,"V000226","comp-p","66.0","M","BEL"
"fv170204",0.0486111119389534,0.0154772140085697,"V000226","comp-q","66.0","M","BEL"
"fn100322",0.2089552283287048,0.095353677868843,"N100081","comp-p","74.0","F","NL"
"fn100323",0.0477272719144821,0.0159563291817903,"N100081","comp-q","74.0","F","NL"
"fn000644",0.2135922312736511,0.1129629611968994,"N000243","comp-p","12.0","M","NL"
"fn000645",0.1045296192169189,0.0415430255234241,"N000243","comp-q","12.0","M","NL"
"fv170114",0.2938931286334991,0.1333595663309097,"V000128","comp-q","8.0","M","BEL"
"fv160119",0.3805970251560211,0.1603498607873916,"V000128","comp-p","8.0","M","BEL"
"fn000126",0.2834891080856323,0.1586538404226303,"N000060","comp-p","10.0","M","NL"
"fn000127",0.2076813727617263,0.0914335176348686,"N000060","comp-q","10.0","M","NL"
"fn000507",0.2170753926038742,0.0997600257396698,"N000198","comp-q","10.0","F","NL"
"fn000506",0.343478262424469,0.1680814921855926,"N000198","comp-p","10.0","F","NL"
"fn000774",0.5786802172660828,0.3319587707519531,"N000297","comp-p","14.0","F","AFG"
"fn000775",0.4491440057754516,0.1946833431720733,"N000297","comp-q","14.0","F","AFG"
"fn000857",0.2160919606685638,0.0778532028198242,"N000333","comp-q","32.0","F","CZE"
"fn000856",0.3092105388641357,0.120525062084198,"N000333","comp-p","32.0","F","CZE"
"fn000575",0.4287330210208893,0.1821987181901931,"N000219","comp-q","25.0","M","TUR"
"fn000574",0.4264705777168274,0.2199210971593856,"N000219","comp-p","25.0","M","TUR"
"fv170148",0.0733410939574241,0.0242162160575389,"V000160","comp-q","80.0","F","BEL"
"fv160152",0.2583333253860473,0.103721298277378,"V000160","comp-p","80.0","F","BEL"
"fv160051",0.3241758346557617,0.1829405128955841,"V000060","comp-p","32.0","F","BEL"
"fv170050",0.1542002260684967,0.0550280548632144,"V000060","comp-q","32.0","F","BEL"
"fn000605",0.4306569397449493,0.1787634342908859,"N000229","comp-p","15.0","F","THA"
"fn000606",0.3264129161834717,0.1397849470376968,"N000229","comp-q","15.0","F","THA"
"fn000638",0.2000000029802322,0.0928853750228881,"N000240","comp-p","12.0","F","NL"
"fn000639",0.0838779956102371,0.0303582269698381,"N000240","comp-q","12.0","F","NL"
"fn000119",0.2244165241718292,0.1059337481856346,"N000056","comp-q","9.0","M","NL"
"fn000118",0.4832214713096618,0.2329472303390503,"N000056","comp-p","9.0","M","NL"
"fn000815",0.4595435559749603,0.2001964598894119,"N000315","comp-q","14.0","M","AFG"
"fn000814",0.6516854166984558,0.355460375547409,"N000315","comp-p","14.0","M","AFG"
"fv170151",0.1469933241605758,0.0542766638100147,"V000163","comp-q","87.0","F","BEL"
"fv160155",0.4869791567325592,0.2542643845081329,"V000163","comp-p","87.0","F","BEL"
"fv160153",0.3003003001213074,0.1421568691730499,"V000161","comp-p","75.0","F","BEL"
"fv170149",0.0984936282038688,0.0320069193840026,"V000161","comp-q","75.0","F","BEL"
"fv160033",0.3358778655529022,0.1789077222347259,"V000039","comp-p","16.0","F","BEL"
"fv170033",0.1890189051628112,0.0785215497016906,"V000039","comp-q","16.0","F","BEL"
"fv160015",0.2195121943950653,0.0863095223903656,"V000042","comp-p","13.0","M","BEL"
"fv170018",0.2243947833776474,0.0864285677671432,"V000042","comp-q","13.0","M","BEL"
"fn000565",0.5494880676269531,0.2968005537986755,"N000216","comp-p","43.0","M","TUR"
"fn000591",0.5835866332054138,0.2944356203079223,"N000224","comp-q","18.0","M","NGA"
"fn000590",0.617977499961853,0.2936170101165771,"N000224","comp-p","18.0","M","NGA"
"fn100221",0.202031597495079,0.0914880037307739,"N100050","comp-q","84.0","M","NL"
"fn100220",0.4608379006385803,0.2754402160644531,"N100050","comp-p","84.0","M","NL"
"fn000878",0.585106372833252,0.2943925261497497,"N000343","comp-p","37.0","F","MNG"
"fn000879",0.5156903862953186,0.2293726056814193,"N000343","comp-q","37.0","F","MNG"
"fn000569",0.2386363595724105,0.0887198969721794,"N000217","comp-q","38.0","F","TUR"
"fn000568",0.3901098966598511,0.1957894712686538,"N000217","comp-p","38.0","F","TUR"
"fv170079",0.2007366418838501,0.0856002867221832,"V000092","comp-q","9.0","F","BEL"
"fv160084",0.1343283653259277,0.0475059375166893,"V000092","comp-p","9.0","F","BEL"
"fn000678",0.6574923396110535,0.3652937114238739,"N000259","comp-p","31.0","F","CHN"
"fn000679",0.5367572903633118,0.2104138284921646,"N000259","comp-q","31.0","F","CHN"
"fn000627",0.453125,0.2066473960876464,"N000236","comp-p","12.0","M","AFG"
"fn000628",0.3551796972751617,0.1427668929100036,"N000236","comp-q","12.0","M","AFG"
"fv170059",0.2821011543273926,0.145161285996437,"V000070","comp-q","8.0","M","BEL"
"fv160060",0.5193798542022705,0.3089171946048736,"V000070","comp-p","8.0","M","BEL"
"fn000877",0.3193657994270324,0.1285319775342941,"N000342","comp-q","24.0","F","TUR"
"fn000876",0.3682008385658264,0.1888933926820755,"N000342","comp-p","24.0","F","TUR"
"fv160182",0.4618644118309021,0.2358804047107696,"V000196","comp-p","11.0","M","BEL"
"fv170192",0.4003868401050567,0.1820167452096939,"V000196","comp-q","11.0","M","BEL"
"fn000681",0.7362204790115356,0.4662681519985199,"N000260","comp-p","34.0","M","NGA"
"fn000682",0.8738601803779602,0.5304022431373596,"N000260","comp-q","34.0","M","NGA"
"fn100243",0.5492537021636963,0.2909638583660126,"N100057","comp-p","83.0","M","NL"
"fn100244",0.292004644870758,0.1483455449342727,"N100057","comp-q","83.0","M","NL"
"fv160117",0.5555555820465088,0.3175074160099029,"V000126","comp-p","9.0","M","BEL"
"fv170112",0.1672185361385345,0.0859244391322135,"V000126","comp-q","9.0","M","BEL"
"fn000838",0.5222992897033691,0.2041666656732559,"N000324","comp-q","19.0","F","AZE"
"fn000836",0.5962800979614258,0.3000437021255493,"N000324","comp-p","19.0","F","AZE"
"fn100237",0.0317100808024406,0.0114990593865513,"N100055","comp-q","81.0","F","NL"
"fn100236",0.2166064977645874,0.1135122328996658,"N100055","comp-p","81.0","F","NL"
"fv160210",0.3039215803146362,0.1378676444292068,"V000222","comp-p","11.0","F","BEL"
"fv170196",0.1270718276500702,0.0485890097916126,"V000222","comp-q","11.0","F","BEL"
"fv160131",0.2738095223903656,0.1247216016054153,"V000140","comp-p","9.0","F","BEL"
"fv170130",0.1339563876390457,0.0527786388993263,"V000140","comp-q","9.0","F","BEL"
"fv160190",0.4772727191448211,0.2383073568344116,"V000198","comp-p","11.0","M","BEL"
"fv170185",0.3333333432674408,0.1610991358757019,"V000198","comp-q","11.0","M","BEL"
"fn000813",0.5435897707939148,0.232356995344162,"N000314","comp-q","14.0","M","AFG"
"fn000812",0.780415415763855,0.4170644283294678,"N000314","comp-p","14.0","M","AFG"
"fv160097",0.2014925330877304,0.0863570421934127,"V000079","comp-p","75.0","F","BEL"
"fv170094",0.0501750297844409,0.0144833549857139,"V000079","comp-q","75.0","F","BEL"
"fv170020",0.1215859055519104,0.0417690426111221,"V000024","comp-q","12.0","F","BEL"
"fv160019",0.2422018349170684,0.1001435741782188,"V000024","comp-p","12.0","F","BEL"
"fn000048",0.386904776096344,0.1887005716562271,"N000025","comp-p","8.0","F","NL"
"fn000049",0.2609351575374603,0.1238991767168045,"N000025","comp-q","8.0","F","NL"
"fn100003",0.1502890139818191,0.0621906593441963,"N100001","comp-q","79.0","F","NL"
"fn100002",0.2463768124580383,0.1205607503652572,"N100001","comp-p","79.0","F","NL"
"fv170194",0.213493525981903,0.0907342657446861,"V000213","comp-q","13.0","M","BEL"
"fv160207",0.2272727340459823,0.0881542712450027,"V000213","comp-p","13.0","M","BEL"
"fn100021",0.2784222662448883,0.1338891685009002,"N100008","comp-p","89.0","F","NL"
"fn100022",0.1758849620819091,0.0713547021150589,"N100008","comp-q","89.0","F","NL"
"fn100266",0.1252873539924621,0.0534351132810115,"N100064","comp-q","88.0","F","NL"
"fn100265",0.3480519354343414,0.18342886865139,"N100064","comp-p","88.0","F","NL"
"fv160028",0.3222591280937195,0.1674418598413467,"V000033","comp-p","16.0","M","BEL"
"fv170028",0.2001779377460479,0.0878130197525024,"V000033","comp-q","16.0","M","BEL"
"fn100250",0.052995391190052,0.0186876188963651,"N100059","comp-q","67.0","M","NL"
"fn100249",0.1570512801408767,0.0594594590365886,"N100059","comp-p","67.0","M","NL"
"fn000662",0.3034482896327972,0.1357526928186416,"N000252","comp-p","13.0","M","NL"
"fn000663",0.154292345046997,0.0676724165678024,"N000252","comp-q","13.0","M","NL"
"fn000704",0.0606407336890697,0.0216147489845752,"N000269","comp-q","14.0","M","NL"
"fn000703",0.2435897439718246,0.0724299028515815,"N000269","comp-p","14.0","M","NL"
"fv170093",0.1498800963163375,0.0601031631231308,"V000083","comp-q","68.0","M","BEL"
"fv170092",0.3839285671710968,0.1859756112098693,"V000083","comp-p","68.0","M","BEL"
"fn000571",0.5042979717254639,0.2445783168077469,"N000218","comp-p","25.0","M","TUR"
"fn000572",0.3047831058502197,0.1006683409214019,"N000218","comp-q","25.0","M","TUR"
"fn000068",0.2327327281236648,0.1003616601228714,"N000032","comp-q","8.0","F","NL"
"fn000067",0.3300000131130218,0.1381443291902542,"N000032","comp-p","8.0","F","NL"
"fn100283",0.2426926493644714,0.111034482717514,"N100070","comp-q","96.0","F","NL"
"fn100282",0.4566145241260528,0.2537270784378052,"N100070","comp-p","96.0","F","NL"
"fv170098",0.3003095984458923,0.131386861205101,"V000113","comp-q","9.0","F","BEL"
"fn000794",0.5918367505073547,0.2811320722103119,"N000305","comp-p","11.0","F","ISR"
"fn000795",0.3460246324539184,0.1445553004741668,"N000305","comp-q","11.0","F","ISR"
"fv170209",0.0966292098164558,0.0372351817786693,"V000231","comp-q","13.0","M","BEL"
"fv160218",0.2058823555707931,0.075396828353405,"V000231","comp-p","13.0","M","BEL"
"fn000706",0.1283237040042877,0.0549213886260986,"N000270","comp-q","14.0","M","NL"
"fn000705",0.2270742356777191,0.0896551758050918,"N000270","comp-p","14.0","M","NL"
"fn100079",0.0736478716135025,0.0250743739306926,"N100020","comp-q","75.0","F","NL"
"fn100078",0.3448275923728943,0.1899224817752838,"N100020","comp-p","75.0","F","NL"
"fv170087",0.104886770248413,0.0436622872948646,"V000108","comp-q","76.0","F","BEL"
"fv160092",0.2985074520111084,0.1310212016105651,"V000108","comp-p","76.0","F","BEL"
"fn000834",0.5783582329750061,0.2752767503261566,"N000323","comp-p","55.0","M","PAK"
"fn000835",0.4259471893310547,0.1717039048671722,"N000323","comp-q","55.0","M","PAK"
"fv170091",0.0782493352890014,0.024359930306673,"V000082","comp-q","71.0","M","BEL"
"fn100091",0.0652920976281166,0.0255922172218561,"N100023","comp-q","82.0","F","NL"
"fn000111",0.3900709152221679,0.2018970251083374,"N000052","comp-p","11.0","M","NL"
"fn000112",0.1930207163095474,0.0746018439531326,"N000052","comp-q","11.0","M","NL"
"fn000699",0.3899371027946472,0.2032520323991775,"N000267","comp-p","15.0","M","NL"
"fn000700",0.1281464546918869,0.053808819502592,"N000267","comp-q","15.0","M","NL"
"fn100233",0.1339285671710968,0.055949967354536,"N100054","comp-p","83.0","M","NL"
"fn100234",0.0520833320915699,0.0178913734853267,"N100054","comp-q","83.0","M","NL"
"fv170150",0.1346604228019714,0.0600130446255207,"V000158","comp-q","67.0","F","BEL"
"fv160154",0.3919999897480011,0.1832061111927032,"V000158","comp-p","67.0","F","BEL"
"fn000634",0.477635771036148,0.1982364505529403,"N000238","comp-q","15.0","F","POL"
"fn000633",0.4000000059604645,0.2132963985204696,"N000238","comp-p","15.0","F","POL"
"fn100254",0.1836027652025222,0.0871717631816864,"N100060","comp-q","86.0","M","NL"
"fn100253",0.3277311027050018,0.1455108374357223,"N100060","comp-p","86.0","M","NL"
"fn000722",0.0620689652860164,0.0195246171206235,"N000275","comp-q","13.0","F","NL"
"fn000721",0.1369863003492355,0.0390243902802467,"N000275","comp-p","13.0","F","NL"
"fn000733",0.3333333432674408,0.1660231649875641,"N000280","comp-p","14.0","F","NL"
"fn000734",0.059564720839262,0.0212359316647052,"N000280","comp-q","14.0","F","NL"
"fn000561",0.1759747117757797,0.0757951289415359,"N000215","comp-q","12.0","M","NL"
"fn000560",0.3720930218696594,0.1649269312620163,"N000215","comp-p","12.0","M","NL"
"fn000136",0.524904191493988,0.3050595223903656,"N000064","comp-p","10.0","M","NL"
"fn000137",0.1219512224197387,0.05546111240983,"N000064","comp-q","10.0","M","NL"
"fv170135",0.0862275436520576,0.0252764616161584,"V000149","comp-q","67.0","F","BEL"
"fv160145",0.1431767344474792,0.0655601695179939,"V000149","comp-p","67.0","F","BEL"
"fn000757",0.3669724762439728,0.1146179437637329,"N000290","comp-p","15.0","F","IRQ"
"fn000758",0.2708559036254883,0.0950932651758194,"N000290","comp-q","15.0","F","IRQ"
"fn000149",0.2745762765407562,0.1328698396682739,"N000070","comp-q","9.0","M","NL"
"fn000148",0.4097222089767456,0.1997406035661697,"N000070","comp-p","9.0","M","NL"
"fn100138",0.1779755353927612,0.0830188691616058,"N100031","comp-q","90.0","M","IDN"
"fn100137",0.3621275126934051,0.1971241682767868,"N100031","comp-p","90.0","M","IDN"
"fn000584",0.529411792755127,0.2697368562221527,"N000222","comp-p","16.0","F","IRQ"
"fn000585",0.4829875528812408,0.1996753215789795,"N000222","comp-q","16.0","F","IRQ"
"fn000514",0.2530120611190796,0.128089889883995,"N000200","comp-p","11.0","F","NL"
"fn000515",0.2246963530778885,0.1096385568380355,"N000200","comp-q","11.0","F","NL"
"fv170032",0.134314626455307,0.0505675971508026,"V000045","comp-q","16.0","F","BEL"
"fv160032",0.221590906381607,0.0966666638851165,"V000045","comp-p","16.0","F","BEL"
"fn000611",0.395348846912384,0.1694560647010803,"N000231","comp-p","13.0","M","POL"
"fn000612",0.5273865461349487,0.2175692766904831,"N000231","comp-q","13.0","M","POL"
"fv170044",0.2221018373966217,0.0779807120561599,"V000059","comp-q","31.0","F","BEL"
"fv160044",0.4458161890506744,0.2469912469387054,"V000059","comp-p","31.0","F","BEL"
"fn000581",0.4720000028610229,0.2464898526668548,"N000221","comp-p","18.0","F","TUR"
"fn000582",0.3846153914928436,0.148597240447998,"N000221","comp-q","18.0","F","TUR"
"fn000146",0.3197278976440429,0.1501272320747375,"N000068","comp-p","13.0","M","NL"
"fn000147",0.209370419383049,0.1049985215067863,"N000068","comp-q","13.0","M","NL"
"fv160048",0.220472440123558,0.0927835032343864,"V000048","comp-p","15.0","F","BEL"
"fv170048",0.0764966756105423,0.03221021220088,"V000048","comp-q","15.0","F","BEL"
"fv170186",0.2951724231243133,0.1456650495529174,"V000211","comp-q","15.0","M","BEL"
"fv160181",0.7971014380455017,0.4442877173423767,"V000211","comp-p","15.0","M","BEL"
"fn100173",0.1029572859406471,0.0396260917186737,"N100039","comp-q","70.0","M","NL"
"fn100169",0.3923865258693695,0.192746415734291,"N100039","comp-p","70.0","M","NL"
"fn000083",0.2741935551166534,0.145569622516632,"N000040","comp-p","10.0","M","NL"
"fn000084",0.1376734226942062,0.0594650208950042,"N000040","comp-q","10.0","M","NL"
"fv160046",0.2493573278188705,0.1333333402872085,"V000047","comp-p","17.0","F","BEL"
"fv170046",0.093891404569149,0.0388852879405021,"V000047","comp-q","17.0","F","BEL"
"fn100202",0.104215458035469,0.044606477022171,"N100046","comp-q","84.0","F","NL"
"fn100201",0.3725490272045135,0.1979404985904693,"N100046","comp-p","84.0","F","NL"
"fn000554",0.5840708017349243,0.3146258592605591,"N000213","comp-p","7.0","F","NL"
"fn000555",0.2573529481887817,0.12029629945755,"N000213","comp-q","7.0","F","NL"
"fn000672",0.2948718070983886,0.1018518507480621,"N000257","comp-p","14.0","M","NL"
"fn000673",0.1012514233589172,0.040669348090887,"N000257","comp-q","14.0","M","NL"
"fn100316",0.2366863936185836,0.1384274661540985,"N100079","comp-p","68.0","F","NL"
"fn100317",0.0367393791675567,0.0101351346820592,"N100079","comp-q","68.0","F","NL"
"fn000077",0.5639097690582275,0.3343653380870819,"N000037","comp-p","8.0","F","NL"
"fn000078",0.2755555510520935,0.140638992190361,"N000037","comp-q","8.0","F","NL"
"fv170182",0.4757281541824341,0.2512538731098175,"V000197","comp-q","11.0","F","BEL"
"fv160192",0.634782612323761,0.3747714757919311,"V000197","comp-p","11.0","F","BEL"
"fv160148",0.2392405122518539,0.1048840880393982,"V000156","comp-p","70.0","M","BEL"
"fv170144",0.0734265744686126,0.0215100012719631,"V000156","comp-q","70.0","M","BEL"
"fv170207",0.1116225570440292,0.0415948294103145,"V000229","comp-q","68.0","F","BEL"
"fv160215",0.3499999940395355,0.1751938015222549,"V000229","comp-p","68.0","F","BEL"
"fv170011",0.3454133570194244,0.1422557085752487,"V000018","comp-q","38.0","M","BEL"
"fv160009",0.4859437644481659,0.2860938906669616,"V000018","comp-p","38.0","M","BEL"
"fv160167",0.9157894849777222,0.6296296119689941,"V000192","comp-p","10.0","M","BEL"
"fv170164",0.5782396197319031,0.3151883482933044,"V000192","comp-q","10.0","M","BEL"
"fv170142",0.0494382008910179,0.0175328738987445,"V000145","comp-q","70.0","M","BEL"
"fv160139",0.2084942013025283,0.0707002058625221,"V000145","comp-p","70.0","M","BEL"
"fn000109",0.2682926952838897,0.1265060305595398,"N000051","comp-p","11.0","F","GBR"
"fn000110",0.1033402904868125,0.0393190123140811,"N000051","comp-q","11.0","F","GBR"
"fn100189",0.1806526780128479,0.0682160556316375,"N100044","comp-q","66.0","M","NL"
"fn100188",0.2682926952838897,0.1331802457571029,"N100044","comp-p","66.0","M","NL"
"fn000843",0.6106870174407959,0.319218248128891,"N000327","comp-p","25.0","F","BRA"
"fn000844",0.6005859375,0.2666927874088287,"N000327","comp-q","25.0","F","BRA"
"fn100028",0.4352331459522247,0.2328358143568039,"N100009","comp-p","67.0","M","NL"
"fn100029",0.1724915504455566,0.0810524076223373,"N100009","comp-q","67.0","M","NL"
"fv170009",0.1721778810024261,0.0630881115794181,"V000011","comp-q","24.0","M","BEL"
"fv160008",0.417600005865097,0.2430769205093383,"V000011","comp-p","24.0","M","BEL"
"fn100218",0.4680337607860565,0.2589392960071563,"N100049","comp-q","92.0","F","NL"
"fn100216",0.6409903764724731,0.3815261125564575,"N100049","comp-p","92.0","F","NL"
"fv170029",0.2913165390491485,0.1388447284698486,"V000040","comp-q","16.0","M","BEL"
"fv160029",0.3241758346557617,0.1712938696146011,"V000040","comp-p","16.0","M","BEL"
"fn000725",0.2352941185235977,0.111711710691452,"N000276","comp-p","12.0","M","NL"
"fn000726",0.1121076196432113,0.0446205176413059,"N000276","comp-q","12.0","M","NL"
"fv170166",0.321123331785202,0.141034722328186,"V000189","comp-q","13.0","M","BEL"
"fv160173",0.4252873659133911,0.2098501026630401,"V000189","comp-p","13.0","M","BEL"
"fn000729",0.3691588640213012,0.1911487728357315,"N000278","comp-p","12.0","M","NL"
"fn000730",0.2069767415523529,0.097688615322113,"N000278","comp-q","12.0","M","NL"
"fv170006",0.1687571257352829,0.0562300309538841,"V000012","comp-q","36.0","M","MA"
"fv160005",0.4020442962646484,0.2094525694847107,"V000012","comp-p","36.0","M","MA"
"fn100183",0.0975056663155555,0.0387759394943714,"N100042","comp-q","84.0","F","NL"
"fn100182",0.3196721374988556,0.170364499092102,"N100042","comp-p","84.0","F","NL"
"fv170073",0.449760764837265,0.2449464946985244,"V000086","comp-q","7.0","M","BEL"
"fn100289",0.4098143279552459,0.2363032698631286,"N100066","comp-p","79.0","F","NL"
"fn100290",0.1262798607349395,0.0552731901407241,"N100066","comp-q","79.0","F","NL"
"fn000081",0.3660714328289032,0.1872791498899459,"N000039","comp-p","9.0","F","NL"
"fn000082",0.1451440751552581,0.0531045757234096,"N000039","comp-q","9.0","F","NL"
"fv160140",0.1925754100084304,0.0766504183411598,"V000148","comp-p","65.0","F","BEL"
"fv170133",0.0799031481146812,0.0213449615985155,"V000148","comp-q","65.0","F","BEL"
"fn000874",0.6954545378684998,0.3215234577655792,"N000341","comp-p","27.0","F","SRB"
"fn000875",0.4784530401229858,0.1617954075336456,"N000341","comp-q","27.0","F","SRB"
"fn000650",0.2790697813034057,0.0816777050495147,"N000246","comp-p","16.0","F","NL"
"fn000651",0.0517836585640907,0.0179333910346031,"N000246","comp-q","16.0","F","NL"
"fn000551",0.3829787373542785,0.1595330685377121,"N000212","comp-p","6.0","F","NL"
"fn000552",0.2008995562791824,0.0868916064500808,"N000212","comp-q","6.0","F","NL"
"fn000646",0.2417582422494888,0.1327967792749405,"N000244","comp-p","17.0","F","NL"
"fn000647",0.0894677266478538,0.0326271168887615,"N000244","comp-q","17.0","F","NL"
"fn000150",0.3655172288417816,0.1459667086601257,"N000069","comp-p","8.0","F","NL"
"fn000151",0.251655638217926,0.1271276623010635,"N000069","comp-q","8.0","F","NL"
"fn100230",0.072727270424366,0.0369609855115413,"N100053","comp-p","68.0","F","NL"
"fn100231",0.0273660197854042,0.0086261304095387,"N100053","comp-q","68.0","F","NL"
"fn000493",0.2528089880943298,0.1023454144597053,"N000194","comp-p","9.0","F","NL"
"fn000494",0.2122538238763809,0.0861590951681137,"N000194","comp-q","9.0","F","NL"
"fv170124",0.1983471065759658,0.1024883985519409,"V000134","comp-q","10.0","M","BEL"
"fv160124",0.4554455578327179,0.2631579041481018,"V000134","comp-p","10.0","M","BEL"
"fn000756",0.2160168588161468,0.0795999988913536,"N000289","comp-q","14.0","F","POL"
"fn000755",0.406896561384201,0.2384105920791626,"N000289","comp-p","14.0","F","POL"
"fn000763",0.5963302850723267,0.27458256483078,"N000293","comp-p","16.0","F","GHA"
"fn000764",0.5675392746925354,0.2932252585887909,"N000293","comp-q","16.0","F","GHA"
"fn000789",0.6666666865348816,0.2907563149929046,"N000302","comp-q","15.0","M","UKR"
"fn000787",0.7267441749572754,0.3656036555767059,"N000302","comp-p","15.0","M","UKR"
"fn000870",0.4741474092006683,0.1847106516361236,"N000339","comp-q","25.0","F","AZE"
"fn000869",0.417827308177948,0.2043309211730957,"N000339","comp-p","25.0","F","AZE"
"fv170016",0.2037037014961242,0.0805369094014167,"V000017","comp-q","47.0","F","FR"
"fv160012",0.445328027009964,0.2557363510131836,"V000017","comp-p","47.0","F","FR"
"fn000531",0.2303493469953537,0.0934639126062393,"N000205","comp-q","8.0","M","NL"
"fn000530",0.3181818127632141,0.1172839477658271,"N000205","comp-p","8.0","M","NL"
"fn000615",0.4119241237640381,0.2071768939495086,"N000232","comp-q","15.0","M","CMR"
"fn000614",0.5527728199958801,0.2748309075832367,"N000232","comp-p","15.0","M","CMR"
"fv170101",0.1910112351179123,0.0857511311769485,"V000115","comp-q","9.0","F","BEL"
"fv160106",0.2421052604913711,0.0946196690201759,"V000115","comp-p","9.0","F","BEL"
"fn100097",0.0584862381219863,0.0163412559777498,"N100025","comp-q","77.0","F","NL"
"fn100096",0.0982142835855484,0.0386513173580169,"N100025","comp-p","77.0","F","NL"
"fn100088",0.0792751982808113,0.026376387104392,"N100022","comp-q","68.0","M","NL"
"fn100087",0.2769230902194977,0.1580516844987869,"N100022","comp-p","68.0","M","NL"
"fv160120",0.3333333432674408,0.1520119160413742,"V000129","comp-p","8.0","F","BEL"
"fv170115",0.1494435667991638,0.0628034994006156,"V000129","comp-q","8.0","F","BEL"
"fv160107",0.3609756231307983,0.1673040091991424,"V000116","comp-p","9.0","M","BEL"
"fv170102",0.1987767517566681,0.0817571654915809,"V000116","comp-q","9.0","M","BEL"
"fn000798",0.3510203957557678,0.1906274855136871,"N000307","comp-p","13.0","F","IDN"
"fn000799",0.1717724353075027,0.0647864267230033,"N000307","comp-q","13.0","F","IDN"
"fn000888",0.4818181693553924,0.2060660123825073,"N000348","comp-p","31.0","M","TUR"
"fn000889",0.3791574239730835,0.1202545091509819,"N000348","comp-q","31.0","M","TUR"
"fv170189",0.45016610622406,0.2142368257045745,"V000201","comp-q","10.0","M","BEL"
"fv160184",0.5849056839942932,0.3231046795845032,"V000201","comp-p","10.0","M","BEL"
"fv170026",0.2397072315216064,0.1098235920071601,"V000032","comp-q","14.0","M","BEL"
"fv160025",0.4814814925193786,0.2295988947153091,"V000032","comp-p","14.0","M","BEL"
"fn100133",0.2663115859031677,0.1330601125955581,"N100030","comp-p","79.0","F","NL"
"fn100135",0.1444954127073288,0.058684941381216,"N100030","comp-q","79.0","F","NL"
"fn100094",0.0907003432512283,0.0310969110578298,"N100024","comp-q","62.0","F","NL"
"fn100093",0.3052631616592407,0.1155963316559791,"N100024","comp-p","62.0","F","NL"
"fv170110",0.2655086815357208,0.1183970868587493,"V000124","comp-q","7.0","F","BEL"
"fv160115",0.3977900445461273,0.2024414986371994,"V000124","comp-p","7.0","F","BEL"
"fn100070",0.2768361568450928,0.1369863003492355,"N100017","comp-p","68.0","F","NL"
"fn100072",0.0338785052299499,0.0144117018207907,"N100017","comp-q","68.0","F","NL"
"fv170074",0.3115124106407165,0.1372871994972229,"V000087","comp-q","7.0","F","BEL"
"fv160079",0.4788732528686523,0.198992446064949,"V000087","comp-p","7.0","F","BEL"
"fv170096",0.0898876413702964,0.0311402473598718,"V000080","comp-q","79.0","M","BEL"
"fv160099",0.2156862765550613,0.0872483253479003,"V000080","comp-p","79.0","M","BEL"
"fn000737",0.3033707737922668,0.1117424219846725,"N000282","comp-p","14.0","M","NL"
"fn000738",0.0662100464105606,0.0267875976860523,"N000282","comp-q","14.0","M","NL"
"fv170010",0.5303643941879272,0.268202394247055,"V000010","comp-q","16.0","F","BEL"
"fn000608",0.4302325546741485,0.2287581712007522,"N000230","comp-p","14.0","F","MAR"
"fn000609",0.4464579820632934,0.2200328409671783,"N000230","comp-q","14.0","F","MAR"
"fn000890",0.8188976645469666,0.4107929468154907,"N000349","comp-p","42.0","M","BDI"
"fn000891",0.5385450720787048,0.220472440123558,"N000349","comp-q","42.0","M","BDI"
"fv160006",0.4717741906642914,0.2470588237047195,"V000013","comp-p","23.0","F","BEL"
"fv170007",0.2036405056715011,0.0890514105558395,"V000013","comp-q","23.0","F","BEL"
"fn100260",0.1610660552978515,0.0738095268607139,"N100062","comp-q","88.0","F","NL"
"fn100259",0.5709876418113708,0.295021504163742,"N100062","comp-p","88.0","F","NL"
"fv160170",0.3925233781337738,0.1948998123407364,"V000194","comp-p","11.0","F","BEL"
"fv170165",0.3295454680919647,0.1705110818147659,"V000194","comp-q","11.0","F","BEL"
"fn000043",0.4955752193927765,0.2248814105987548,"N000022","comp-q","21.0","F","MAR"
"fn000042",0.5614035129547119,0.3501454889774322,"N000022","comp-p","21.0","F","MAR"
"fn100246",0.3363994657993316,0.1723762899637222,"N100058","comp-p","80.0","F","NL"
"fn100247",0.2050163596868515,0.0971416756510734,"N100058","comp-q","80.0","F","NL"
"fv160017",0.1474067270755767,0.0588932149112224,"V000044","comp-q","16.0","F","BEL"
"fv160016",0.3442623019218445,0.1622060090303421,"V000044","comp-p","16.0","F","BEL"
"fv170145",0.095842957496643,0.0375404544174671,"V000166","comp-q","85.0","M","DE"
"fv160149",0.3041474521160126,0.137333333492279,"V000166","comp-p","85.0","M","DE"
"fn000157",0.146276593208313,0.0586368180811405,"N000074","comp-q","13.0","M","NL"
"fn000156",0.2456140369176864,0.1087314635515213,"N000074","comp-p","13.0","M","NL"
"fv170131",0.1909774392843246,0.0835838839411735,"V000141","comp-q","10.0","F","BEL"
"fv160132",0.2637362778186798,0.1168582364916801,"V000141","comp-p","10.0","F","BEL"
"fv160208",0.2191780805587768,0.0977157354354858,"V000223","comp-p","12.0","F","BEL"
"fv170200",0.1029411777853965,0.0338949859142303,"V000223","comp-q","12.0","F","BEL"
"fv170017",0.2226107269525528,0.0943313613533973,"V000015","comp-q","22.0","F","BEL"
"fv160013",0.5706806182861328,0.3415948152542114,"V000015","comp-p","22.0","F","BEL"
"fv160203",0.2153846174478531,0.0835509151220321,"V000218","comp-p","9.0","M","BEL"
"fv170193",0.1868300139904022,0.0853994488716125,"V000218","comp-q","9.0","M","BEL"
"fn100301",0.0756395980715751,0.0341968908905983,"N100074","comp-q","82.0","F","NL"
"fn100300",0.2786377668380737,0.1681957244873047,"N100074","comp-p","82.0","F","NL"
"fv160186",0.3571428656578064,0.1559019982814788,"V000204","comp-p","11.0","F","BEL"
"fv170191",0.2488986849784851,0.1105951890349388,"V000204","comp-q","11.0","F","BEL"
"fv170170",0.2132701426744461,0.0915670245885849,"V000190","comp-q","12.0","F","BEL"
"fv160176",0.5483871102333069,0.3033707737922668,"V000190","comp-p","12.0","F","BEL"
"fv170040",0.2158836722373962,0.0736886784434318,"V000054","comp-q","22.0","F","BEL"
"fv160040",0.5514950156211853,0.3090909123420715,"V000054","comp-p","22.0","F","BEL"
"fn000873",0.2899669110774994,0.1008333340287208,"N000340","comp-q","20.0","F","POL"
"fn000872",0.4882075488567352,0.2816901504993438,"N000340","comp-p","20.0","F","POL"
"fn000140",0.5,0.2083333283662796,"N000065","comp-p","11.0","F","NL"
"fn000141",0.2670807540416717,0.1367521435022354,"N000065","comp-q","11.0","F","NL"
"fv170049",0.1199510395526886,0.0442539379000663,"V000049","comp-q","16.0","F","BEL"
"fv160049",0.4017857015132904,0.2015537321567535,"V000049","comp-p","16.0","F","BEL"
"fn000688",0.5648351907730103,0.2174465358257293,"N000262","comp-q","29.0","F","COL"
"fn000687",0.5703703761100769,0.3119266033172607,"N000262","comp-p","29.0","F","COL"
"fn100155",0.0962162166833877,0.0400899983942508,"N100035","comp-q","93.0","F","NL"
"fn100154",0.1791443824768066,0.0923520922660827,"N100035","comp-p","93.0","F","NL"
"fv160179",0.4776119291782379,0.2622478306293487,"V000187","comp-p","16.0","M","BEL"
"fv170163",0.3674911558628082,0.2091104686260223,"V000187","comp-q","16.0","M","BEL"
"fv160156",0.201646089553833,0.0745481923222541,"V000162","comp-p","75.0","F",""
"fv170152",0.0733197554945945,0.0265282578766345,"V000162","comp-q","75.0","F",""
"fv160151",0.339483380317688,0.1561822146177292,"V000159","comp-p","82.0","F","BEL"
"fv170147",0.1084337383508682,0.0389316417276859,"V000159","comp-q","82.0","F","BEL"
"fv160144",0.2046783566474914,0.0818083956837654,"V000146","comp-p","72.0","F","BEL"
"fv160137",0.0882800593972206,0.0260793976485729,"V000146","comp-q","72.0","F","BEL"
"fn000090",0.1102620065212249,0.0432500541210174,"N000042","comp-q","10.0","F","NL"
"fn000088",0.3203125,0.1719939112663269,"N000042","comp-p","10.0","F","NL"
"fv170043",0.1693181842565536,0.0552344247698783,"V000057","comp-q","32.0","F","BEL"
"fv160043",0.3777777850627899,0.2111506462097168,"V000057","comp-p","32.0","F","BEL"
"fv160109",0.1317365318536758,0.0419026054441928,"V000118","comp-p","8.0","F","BEL"
"fv170104",0.1622641533613205,0.0574492514133453,"V000118","comp-q","8.0","F","BEL"
"fv170084",0.1173184365034103,0.0484183356165885,"V000097","comp-q","11.0","F","BEL"
"fv160162",0.5454545617103577,0.3206176161766052,"V000172","comp-p","14.0","F","BEL"
"fv170158",0.2564402818679809,0.1159817352890968,"V000172","comp-q","14.0","F","BEL"
"fv160142",0.2057416290044784,0.0824489817023277,"V000154","comp-p","82.0","F","BEL"
"fv170134",0.1139896363019943,0.037695076316595,"V000154","comp-q","82.0","F","BEL"
"fv170202",0.1304893344640731,0.0504708997905254,"V000224","comp-q","12.0","M","BEL"
"fv160202",0.4649122953414917,0.2329192608594894,"V000224","comp-p","12.0","M","BEL"
"fn000818",0.4705882370471954,0.2041800618171692,"N000317","comp-p","15.0","F","AFG"
"fn000819",0.3587443828582763,0.1505279093980789,"N000317","comp-q","15.0","F","AFG"
"fn000597",0.4399574995040893,0.1986588388681411,"N000226","comp-q","18.0","M","NLD"
"fn000596",0.6330274939537048,0.325966864824295,"N000226","comp-p","18.0","M","NLD"
"fv170002",0.1002331003546714,0.0350533425807952,"V000005","comp-q","57.0","F","BEL"
"fv160001",0.4486956596374511,0.2260869592428207,"V000005","comp-p","57.0","F","BEL"
"fn000751",0.4105691015720367,0.2194159477949142,"N000287","comp-p","15.0","M","RUS"
"fn000752",0.4036908745765686,0.1788778901100158,"N000287","comp-q","15.0","M","RUS"
"fv160187",0.3873015940189361,0.183673471212387,"V000200","comp-q","10.0","F","BEL"
"fv160189",0.4099999964237213,0.25,"V000200","comp-p","10.0","F","BEL"
"fn000773",0.4095634222030639,0.217858612537384,"N000296","comp-q","16.0","F","DEU"
"fn000772",0.546875,0.3068362474441528,"N000296","comp-p","16.0","F","DEU"
"fn000697",0.5,0.2375249564647674,"N000266","comp-p","15.0","M","NL"
"fn000698",0.0926773473620414,0.0420042648911476,"N000266","comp-q","15.0","M","NL"
"fv160171",0.4156626462936401,0.2265258282423019,"V000184","comp-p","13.0","F","BEL"
"fv170176",0.3030303120613098,0.1685312986373901,"V000184","comp-q","13.0","F","BEL"
"fv160070",0.1661631464958191,0.0803093388676643,"V000098","comp-p","16.0","F","BEL"
"fv170067",0.113355778157711,0.0458833612501621,"V000098","comp-q","16.0","F","BEL"
"fv160018",0.4268907606601715,0.2241144478321075,"V000027","comp-p","14.0","F","BEL"
"fv170019",0.2231404930353164,0.0975219830870628,"V000027","comp-q","14.0","F","BEL"
"fv170015",0.232876718044281,0.1022260636091232,"V000020","comp-q","28.0","M","FR"
"fv160011",0.3210332095623016,0.1715137958526611,"V000020","comp-p","28.0","M","FR"
"fn000079",0.4870466291904449,0.3161843419075012,"N000038","comp-p","8.0","F","NL"
"fn000080",0.2378048747777938,0.1144447848200798,"N000038","comp-q","8.0","F","NL"
"fn000135",0.1324404776096344,0.0530370362102985,"N000063","comp-q","10.0","F","NL"
"fn000134",0.3221476376056671,0.1621621549129486,"N000063","comp-p","10.0","F","NL"
"fv170121",0.290630966424942,0.1338928788900375,"V000132","comp-q","9.0","M","BEL"
"fv160123",0.2537313401699066,0.1229868233203888,"V000132","comp-p","9.0","M","BEL"
"fn000030",0.6776406168937683,0.3405125439167022,"N000016","comp-q","28.0","M","MAR"
"fn000029",0.8262107968330383,0.5067484378814697,"N000016","comp-p","28.0","M","MAR"
"fn000125",0.3770161271095276,0.1961226314306259,"N000059","comp-q","8.0","F","NL"
"fn000124",0.38053098320961,0.1961102038621902,"N000059","comp-p","8.0","F","NL"
"fv170056",0.2405660450458526,0.1032702252268791,"V000068","comp-q","7.0","F","BEL"
"fv160057",0.3522727191448211,0.1708542704582214,"V000068","comp-p","7.0","F","BEL"
"fn000052",0.349282294511795,0.1792792826890945,"N000027","comp-p","9.0","M","NL"
"fn000074",0.3851590156555176,0.183673471212387,"N000027","comp-q","9.0","M","NL"
"fv170177",0.271619975566864,0.1196783334016799,"V000205","comp-q","14.0","M","BEL"
"fv160188",0.4747474789619446,0.250513345003128,"V000205","comp-p","14.0","M","BEL"
"fn000669",0.0531177818775177,0.0172230489552021,"N000255","comp-q","14.0","F","NL"
"fn000668",0.1400000005960464,0.0694698318839073,"N000255","comp-p","14.0","F","NL"
"fv170172",0.1025641039013862,0.0379280447959899,"V000181","comp-q","78.0","F","BEL"
"fv160177",0.2020905911922454,0.0850971937179565,"V000181","comp-p","78.0","F","BEL"
"fn000502",0.1021897792816162,0.0391363017261028,"N000197","comp-p","10.0","M","NL"
"fn000503",0.1302037239074707,0.0500495545566082,"N000197","comp-q","10.0","M","NL"
"fv170001",0.2835472524166107,0.126593604683876,"V000006","comp-q","31.0","F","BEL"
"fv160000",0.3016528785228729,0.1470335274934768,"V000006","comp-p","31.0","F","BEL"
"fv170095",0.2765530943870544,0.1309655904769897,"V000084","comp-p","84.0","M","BEL"
"fv160098",0.1380897611379623,0.0527789741754531,"V000084","comp-q","84.0","M","BEL"
"fn000534",0.2263300269842147,0.100644938647747,"N000206","comp-q","11.0","F","NL"
"fn000533",0.2142857164144516,0.0926243588328361,"N000206","comp-p","11.0","F","NL"
"fv160201",0.3006992936134338,0.1396276652812957,"V000220","comp-p","10.0","M","BEL"
"fv170201",0.195987656712532,0.0796460211277008,"V000220","comp-q","10.0","M","BEL"
"fn100012",0.106981985270977,0.0337596982717514,"N100004","comp-q","65.0","F","NL"
"fn100011",0.264488935470581,0.1295238137245178,"N100004","comp-p","65.0","F","NL"
"fn100208",0.3890274167060852,0.198734849691391,"N100047","comp-p","59.0","F","NL"
"fn100209",0.394910454750061,0.1895635724067688,"N100047","comp-q","59.0","F","NL"
"fv160130",0.3826530575752258,0.1862433850765228,"V000139","comp-p","9.0","F","UA"
"fv170129",0.2153392285108566,0.1082437261939048,"V000139","comp-q","9.0","F","UA"
"fn000811",0.282633364200592,0.1190223172307014,"N000313","comp-q","14.0","F","IRQ"
"fn000810",0.4682539701461792,0.2301136404275894,"N000313","comp-p","14.0","F","IRQ"
"fn000866",0.4649214744567871,0.199836865067482,"N000337","comp-q","47.0","F","IRN"
"fv170031",0.108753316104412,0.0390227921307086,"V000037","comp-q","15.0","F","BEL"
"fv160031",0.2148148119449615,0.0857142880558967,"V000037","comp-p","15.0","F","BEL"
"fn000862",0.2858757078647613,0.0923109427094459,"N000335","comp-q","34.0","F","PHL"
"fn000861",0.4727475047111511,0.2318046987056732,"N000335","comp-p","34.0","F","PHL"
"fv160069",0.137168139219284,0.0714893639087677,"V000105","comp-p","16.0","F","BEL"
"fv170066",0.1153136566281318,0.0409556329250335,"V000105","comp-q","16.0","F","BEL"
"fn000558",0.2335164844989776,0.0879530906677246,"N000214","comp-q","11.0","M","NL"
"fn000557",0.2352941185235977,0.1133231222629547,"N000214","comp-p","11.0","M","NL"
"fn000656",0.3467336595058441,0.1899710744619369,"N000249","comp-p","13.0","F","NL"
"fn000657",0.0631458088755607,0.0221987310796976,"N000249","comp-q","13.0","F","NL"
"fv160065",0.3550724685192108,0.1712707132101059,"V000077","comp-p","10.0","F","BEL"
"fv170064",0.1568000018596649,0.0751445069909095,"V000077","comp-q","10.0","F","BEL"
"fv160166",0.5413534045219421,0.3246153891086578,"V000191","comp-p","10.0","F","BEL"
"fv170169",0.4085027873516083,0.2057231217622757,"V000191","comp-q","10.0","F","BEL"
"fn000641",0.0686845183372497,0.0229288339614868,"N000241","comp-q","12.0","M","NL"
"fn000640",0.1322957128286361,0.0524017475545406,"N000241","comp-p","12.0","M","NL"
"fn000783",0.6818181872367859,0.3701188564300537,"N000301","comp-p","14.0","M","ARM"
"fn000784",0.4983888268470764,0.2233134061098098,"N000301","comp-q","14.0","M","ARM"
"fn000120",0.4545454680919647,0.2818499207496643,"N000057","comp-p","9.0","F","NL"
"fn000121",0.2316666692495346,0.1101459339261055,"N000057","comp-q","9.0","F","NL"
"fn000047",0.5732546448707581,0.2703971862792969,"N000024","comp-q","26.0","F","MAR"
"fn000046",0.4982698857784271,0.2871212065219879,"N000024","comp-p","26.0","F","MAR"
"fv170013",0.2158836722373962,0.0861367061734199,"V000016","comp-q","59.0","M","BEL"
"fv160010",0.6228070259094238,0.3563636243343353,"V000016","comp-p","59.0","M","BEL"
"fn000115",0.0950276255607605,0.0352841764688491,"N000053","comp-q","11.0","F","NL"
"fn000113",0.215613380074501,0.0953058302402496,"N000053","comp-p","11.0","F","NL"
"fv170083",0.1387614607810974,0.0519366189837455,"V000096","comp-q","10.0","F","BEL"
"fn000803",0.4784017205238342,0.2334183603525161,"N000309","comp-q","13.0","M","COG"
"fn000802",0.4439461827278137,0.2229074835777282,"N000309","comp-p","13.0","M","COG"
"fn000097",0.3070175349712372,0.1082910299301147,"N000046","comp-p","13.0","M","NL"
"fn000098",0.1874439418315887,0.0751308426260948,"N000046","comp-q","13.0","M","NL"
"fn000671",0.0577367208898067,0.0170757733285427,"N000256","comp-q","18.0","M","NL"
"fn000670",0.09375,0.039355993270874,"N000256","comp-p","18.0","M","NL"
"fv170037",0.1705336421728134,0.0621104203164577,"V000036","comp-q","14.0","M","BEL"
"fn000517",0.380952388048172,0.1641791015863418,"N000201","comp-p","9.0","F","NL"
"fn000518",0.234726682305336,0.1017514616250991,"N000201","comp-q","9.0","F","NL"
"fn000792",0.3981481492519378,0.2053097337484359,"N000304","comp-p","13.0","M","POL"
"fn000793",0.2956926524639129,0.1078209728002548,"N000304","comp-q","13.0","M","POL"
"fn000093",0.1747572869062423,0.0568383671343326,"N000044","comp-p","11.0","M","NL"
"fn000094",0.1212669685482978,0.0424995794892311,"N000044","comp-q","11.0","M","NL"
"fn100192",0.1034870669245719,0.0402334779500961,"N100045","comp-q","80.0","F","NL"
"fn100191",0.3649068176746368,0.1737476289272308,"N100045","comp-p","80.0","F","NL"
"fn000092",0.1218441277742385,0.047939445823431,"N000043","comp-q","10.0","M","NL"
"fn000091",0.3245901763439178,0.1509900987148285,"N000043","comp-p","10.0","M","NL"
"fn000075",0.3363636434078216,0.16006600856781,"N000036","comp-p","8.0","M","NL"
"fn000076",0.3204419910907745,0.1564856767654419,"N000036","comp-q","8.0","M","NL"
"fn000064",0.184630736708641,0.0633775368332862,"N000030","comp-q","9.0","F","NL"
"fn000063",0.4935064911842346,0.2887989282608032,"N000030","comp-p","9.0","F","NL"
"fv160077",0.090090088546276,0.0340136066079139,"V000102","comp-q","14.0","M","BEL"
"fv160076",0.2063492089509964,0.1008771955966949,"V000102","comp-p","14.0","M","BEL"
"fv160052",0.4770889580249786,0.27381631731987,"V000061","comp-p","27.0","M","BEL"
"fv170051",0.2017937153577804,0.0802047774195671,"V000061","comp-q","27.0","M","BEL"
"fn100309",0.4096385538578033,0.2035959810018539,"N100077","comp-p","84.0","M","NL"
"fn100310",0.167045459151268,0.0791260078549385,"N100077","comp-q","84.0","M","NL"
"fn000653",0.0942111238837242,0.0352320671081543,"N000247","comp-q","18.0","M","NL"
"fn000652",0.5175879597663879,0.2784935534000397,"N000247","comp-p","18.0","M","NL"
"fn000776",0.7263157963752747,0.3463796377182007,"N000298","comp-p","15.0","F","AFG"
"fn000777",0.4153499007225036,0.1722138673067093,"N000298","comp-q","15.0","F","AFG"
"fn000739",0.1818181872367859,0.0534653477370739,"N000283","comp-p","13.0","F","NL"
"fn000740",0.0624315440654754,0.025766871869564,"N000283","comp-q","13.0","F","NL"
"fv170175",0.2843243181705475,0.1269402503967285,"V000183","comp-q","10.0","M","BEL"
"fv160174",0.6370370388031006,0.3206997215747833,"V000183","comp-p","10.0","M","BEL"
"fn000384",0.1067415699362754,0.0405942648649215,"N000163","comp-q","14.0","F","NL"
"fn000383",0.2588235437870025,0.0744274780154228,"N000163","comp-p","14.0","F","NL"
"fv170086",0.2051282078027725,0.0895940288901329,"V000107","comp-q","80.0","M","BEL"
"fv160091",0.4908256828784942,0.2963671088218689,"V000107","comp-p","80.0","M","BEL"
"fv160063",0.2091503292322158,0.1093544140458107,"V000075","comp-p","12.0","M","BEL"
"fv170062",0.1585365831851959,0.0635622814297676,"V000075","comp-q","12.0","M","BEL"
"fn000069",0.2051282078027725,0.0888888910412788,"N000033","comp-p","8.0","F","NL"
"fn000070",0.1943462938070297,0.0902228578925132,"N000033","comp-q","8.0","F","NL"
"fn000771",0.2978236079216003,0.105747640132904,"N000295","comp-q","16.0","F","DOM"
"fv160002",0.8011869192123413,0.5255623459815979,"V000007","comp-p","44.0","F","CG"
"fv170003",0.3503401279449463,0.1321001052856445,"V000007","comp-q","44.0","F","CG"
"fv170198",0.1296534091234207,0.0477799214422702,"V000221","comp-q","11.0","M","BEL"
"fv160200",0.3174603283405304,0.1850746273994445,"V000221","comp-p","11.0","M","BEL"
"fn100019",0.1264236867427826,0.0482287667691707,"N100007","comp-q","66.0","M","NL"
"fn100018",0.2884615361690521,0.1377188861370086,"N100007","comp-p","66.0","M","NL"
"fv160141",0.4745269417762756,0.2511806488037109,"V000144","comp-p","89.0","M","BEL"
"fv170139",0.3915592133998871,0.1867145448923111,"V000144","comp-q","89.0","M","BEL"
"fn000778",0.6168224215507507,0.321561336517334,"N000299","comp-p","13.0","F","UKR"
"fn000779",0.398084819316864,0.1646698266267776,"N000299","comp-q","13.0","F","UKR"
"fv170077",0.2935605943202972,0.1418139934539795,"V000090","comp-q","8.0","M","BEL"
"fv160082",0.6323529481887817,0.3290043175220489,"V000090","comp-p","8.0","M","BEL"
"fn000735",0.25,0.1044444441795349,"N000281","comp-p","15.0","F","NL"
"fn000736",0.1082004532217979,0.0408725105226039,"N000281","comp-q","15.0","F","NL"
"fv170023",0.1150758266448974,0.0388541333377361,"V000030","comp-q","16.0","F","BEL"
"fv160022",0.2258064448833465,0.1105590090155601,"V000030","comp-p","16.0","F","BEL"
"fn000497",0.1748188436031341,0.077104777097702,"N000195","comp-q","9.0","M","NL"
"fn000145",0.1644670069217682,0.0733056738972663,"N000067","comp-q","11.0","F","NL"
"fn000144",0.3314606845378876,0.1635802537202835,"N000067","comp-p","11.0","F","NL"
"fn100151",0.0569476075470447,0.0194092821329832,"N100034","comp-q","75.0","M","NL"
"fn100150",0.2702702581882477,0.1433905959129333,"N100034","comp-p","75.0","M","NL"
"fn000637",0.1108545064926147,0.0431701019406318,"N000239","comp-q","12.0","F","NL"
"fn000635",0.1581632643938064,0.0864699929952621,"N000239","comp-p","12.0","F","NL"
"fv170042",0.2894450426101684,0.1129303127527237,"V000056","comp-q","31.0","F","BEL"
"fv160042",0.3690036833286285,0.2323886603116989,"V000056","comp-p","31.0","F","BEL"
"fv170126",0.1758499443531036,0.06476741284132,"V000136","comp-q","11.0","F","BEL"
"fv160127",0.3771186470985412,0.1570639312267303,"V000136","comp-p","11.0","F","BEL"
"fn100297",0.4625850319862366,0.2408660352230072,"N100073","comp-p","83.0","F","NL"
"fn100298",0.1793981492519378,0.0848603844642639,"N100073","comp-q","83.0","F","NL"
"fv160053",0.4455782175064087,0.2181818187236786,"V000062","comp-p","27.0","M","BEL"
"fv170052",0.1565315276384353,0.0589111000299453,"V000062","comp-q","27.0","M","BEL"
"fn000510",0.1291355341672897,0.0547747015953063,"N000199","comp-q","11.0","F","NL"
"fn000509",0.328000009059906,0.1460843384265899,"N000199","comp-p","11.0","F","NL"
"fv170140",0.1124661266803741,0.0388522110879421,"V000153","comp-q","79.0","F","BEL"
"fv160138",0.3856813013553619,0.2129881978034973,"V000153","comp-p","79.0","F","BEL"
"fv160035",0.6058823466300964,0.354055643081665,"V000035","comp-p","13.0","F","BEL"
"fv170035",0.2486388385295868,0.1091501042246818,"V000035","comp-q","13.0","F","BEL"
"fv170120",0.1634981036186218,0.0723514184355735,"V000131","comp-q","7.0","M","BEL"
"fv160122",0.4059405922889709,0.1803607195615768,"V000131","comp-p","7.0","M","BEL"
"fn000065",0.2024793326854705,0.1013567447662353,"N000031","comp-p","8.0","F","NL"
"fn000066",0.1813110113143921,0.0775764435529708,"N000031","comp-q","8.0","F","NL"
"fn100314",0.0992108210921287,0.0412220135331153,"N100078","comp-q","78.0","F","NL"
"fn100313",0.2463157922029495,0.1324474960565567,"N100078","comp-p","78.0","F","NL"
"fv170127",0.1892925500869751,0.087004005908966,"V000137","comp-q","11.0","M","BEL"
"fv160128",0.25,0.1275510191917419,"V000137","comp-p","11.0","M","BEL"
"fn000717",0.3085106313228607,0.1338432133197784,"N000274","comp-p","16.0","F","NL"
"fn000718",0.0977528095245361,0.0350695177912712,"N000274","comp-q","16.0","F","NL"
"fn000855",0.3481953144073486,0.1375000029802322,"N000332","comp-q","22.0","M","MAR"
"fn000854",0.3980582654476166,0.1985906511545181,"N000332","comp-p","22.0","M","MAR"
"fv170180",0.3555555641651153,0.1724050045013427,"V000199","comp-q","11.0","F","BI"
"fv160194",0.5789473652839661,0.2451923042535781,"V000199","comp-p","11.0","F","BI"
"fv160038",0.3485576808452606,0.1817752569913864,"V000052","comp-p","36.0","F","BEL"
"fv170038",0.1329609006643295,0.0475489161908626,"V000052","comp-q","36.0","F","BEL"
"fv160118",0.2906976640224457,0.147058829665184,"V000127","comp-p","9.0","M","BEL"
"fv170113",0.1903171986341476,0.0911510288715362,"V000127","comp-q","9.0","M","BEL"
"fv160217",0.2182835787534713,0.121309146285057,"V000230","comp-p","16.0","M","BEL"
"fv170208",0.1385597139596939,0.0616949163377285,"V000230","comp-q","16.0","M","BEL"
"fn000710",0.0529344081878662,0.0168335810303688,"N000272","comp-q","16.0","F","NL"
"fn000709",0.4329896867275238,0.1652173846960067,"N000272","comp-p","16.0","F","NL"
"fn100157",0.1202702671289444,0.0479343235492706,"N100036","comp-p","85.0","F","NL"
"fn100158",0.0379310362040996,0.0137770241126418,"N100036","comp-q","85.0","F","NL"
"fv170138",0.0464037135243415,0.0166738852858543,"V000151","comp-q","78.0","F","BEL"
"fv160135",0.3641975224018097,0.2126909494400024,"V000151","comp-p","78.0","F","BEL"
"fn000832",0.5470333099365234,0.2951061427593231,"N000322","comp-p","49.0","F","HKG"
"fn000833",0.4010695219039917,0.1844227463006973,"N000322","comp-q","49.0","F","HKG"
"fn000666",0.2040816396474838,0.0699865445494651,"N000254","comp-p","14.0","F","NL"
"fn000667",0.0847457647323608,0.0338235311210155,"N000254","comp-q","14.0","F","NL"
"fn000655",0.1109813079237937,0.0424477495253086,"N000248","comp-q","13.0","F","NL"
"fn000654",0.2761904895305633,0.086505189538002,"N000248","comp-p","13.0","F","NL"
"fn000631",0.4383561611175537,0.2002456933259964,"N000237","comp-q","14.0","F","POL"
"fn000630",0.5161290168762207,0.2175925970077514,"N000237","comp-p","14.0","F","POL"
"fn100304",0.0862656086683273,0.0405234284698963,"N100075","comp-q","91.0","F","NL"
"fn100303",0.2850241661071777,0.1459715664386749,"N100075","comp-p","91.0","F","NL"
"fv170137",0.1081703081727027,0.0357990078628063,"V000150","comp-q","82.0","F","BEL"
"fv160143",0.3455284535884857,0.1881422996520996,"V000150","comp-p","82.0","F","BEL"
"fv170057",0.1441774517297744,0.0539215691387653,"V000069","comp-q","9.0","F","BEL"
"fv160058",0.1370967775583267,0.062957540154457,"V000069","comp-p","9.0","F","BEL"
"fv170036",0.1686098724603653,0.0638837218284607,"V000043","comp-q","14.0","F","BEL"
"fv160036",0.3325358927249908,0.1629629582166671,"V000043","comp-p","14.0","F","BEL"
"fv160160",0.4635761678218841,0.2601398527622223,"V000170","comp-p","12.0","F","BEL"
"fn100164",0.1118421033024787,0.0542094446718692,"N100037","comp-q","88.0","F","NL"
"fn100160",0.2244094461202621,0.0978384539484977,"N100037","comp-p","88.0","F","NL"
"fv160129",0.3040540516376495,0.1564986705780029,"V000138","comp-p","10.0","F","BEL"
"fv170128",0.1239570900797844,0.0480398833751678,"V000138","comp-q","10.0","F","BEL"
"fv170039",0.1972111612558365,0.0772482678294181,"V000053","comp-q","45.0","F","BEL"
"fv160039",0.4930313527584076,0.2771428525447845,"V000053","comp-p","45.0","F","BEL"
"fn000618",0.5733333230018616,0.298288494348526,"N000233","comp-p","13.0","F","POL"
"fn000619",0.3666666746139526,0.1503564417362213,"N000233","comp-q","13.0","F","POL"
"fn000129",0.1315789520740509,0.0473151393234729,"N000061","comp-q","11.0","M","NL"
"fn000128",0.2517006695270538,0.1260923892259597,"N000061","comp-p","11.0","M","NL"
"fn000732",0.1393258422613144,0.0601725243031978,"N000279","comp-q","12.0","F","GBR"
"fn000731",0.2978723347187042,0.1426553726196289,"N000279","comp-p","12.0","F","GBR"
"fn000153",0.3649393618106842,0.1694736778736114,"N000071","comp-q","12.0","F","NL"
"fn000152",0.2435897439718246,0.1239368170499801,"N000071","comp-p","12.0","F","NL"
"fn000138",0.1545454561710357,0.0670016780495643,"N000073","comp-p","12.0","M","NL"
"fn000139",0.0756843835115432,0.0320821292698383,"N000073","comp-q","12.0","M","NL"
"fn000105",0.2064516097307205,0.0759951770305633,"N000050","comp-p","12.0","F","NL"
"fn000106",0.1475694477558136,0.0564686730504035,"N000050","comp-q","12.0","F","NL"
"fn100227",0.0910031050443649,0.0348995923995971,"N100052","comp-q","65.0","F","NL"
"fn100226",0.2705313861370086,0.1122448965907096,"N100052","comp-p","65.0","F","NL"
"fv170100",0.1385826766490936,0.0524003766477108,"V000114","comp-q","10.0","F","BEL"
"fv160105",0.3628318607807159,0.1860095411539077,"V000114","comp-p","10.0","F","BEL"
"fv160150",0.2903225719928741,0.1065493673086166,"V000165","comp-p","77.0","M","BEL"
"fv170146",0.1572254300117492,0.0604419410228729,"V000165","comp-q","77.0","M","BEL"
"fv170183",0.1341463476419448,0.0598854348063468,"V000208","comp-q","15.0","M","BEL"
"fv160191",0.3220339119434356,0.1459227502346038,"V000208","comp-p","15.0","M","BEL"
"fv170030",0.178438663482666,0.0705821737647056,"V000038","comp-q","16.0","M","BEL"
"fv160030",0.3157894611358642,0.1510989069938659,"V000038","comp-p","16.0","M","BEL"
"fn000760",0.5204872488975525,0.2070918977260589,"N000291","comp-q","16.0","F","ARM"
"fn000759",0.6507936716079712,0.3553191423416137,"N000291","comp-p","16.0","F","ARM"
"fv170069",0.1153846159577369,0.0459467358887195,"V000099","comp-q","13.0","F","BEL"
"fv160072",0.2672413885593414,0.15079365670681,"V000099","comp-p","13.0","F","BEL"
"fv170085",0.2216748744249344,0.0925795063376426,"V000106","comp-q","84.0","M","BEL"
"fv160090",0.2887700498104095,0.1441532224416732,"V000106","comp-p","84.0","M","BEL"
"fn100239",0.1419939547777176,0.0581395365297794,"N100056","comp-p","88.0","M","NL"
"fn100240",0.0195402298122644,0.0057337014004588,"N100056","comp-q","88.0","M","NL"
"fv170068",0.1319875717163086,0.0552995391190052,"V000104","comp-q","12.0","M","BEL"
"fv160071",0.1119403019547462,0.0610263533890247,"V000104","comp-p","12.0","M","BEL"
"fv170041",0.0819304138422012,0.0294798910617828,"V000055","comp-q","46.0","M","FR"
"fv160041",0.2804054021835327,0.1572528928518295,"V000055","comp-p","46.0","M","FR"
"fv160054",0.4285714328289032,0.2417582422494888,"V000067","comp-p","23.0","F","BEL"
"fv170053",0.2970027327537536,0.1213991791009903,"V000067","comp-q","23.0","F","BEL"
"fn000767",0.2926829159259796,0.1151385903358459,"N000294","comp-p","13.0","M","TUR"
"fn000768",0.2291904240846634,0.0787184387445449,"N000294","comp-q","13.0","M","TUR"
"fn000885",0.3592551946640014,0.1725986301898956,"N000346","comp-q","40.0","F","MYS"
"fn000884",0.8235294222831726,0.5615763664245605,"N000346","comp-p","40.0","F","MYS"
"fv160050",0.5362318754196167,0.3093145787715912,"V000058","comp-p","30.0","F","FR"
"fn000762",0.3945435583591461,0.1533742398023605,"N000292","comp-q","16.0","F","IRQ"
"fn000761",0.4792626798152923,0.2591911852359772,"N000292","comp-p","16.0","F","IRQ"
"fn000746",0.417391300201416,0.1822429895401001,"N000285","comp-p","15.0","M","USA"
"fn000747",0.443155437707901,0.2071756720542907,"N000285","comp-q","15.0","M","USA"
"fn000839",0.9339080452919006,0.4809304773807525,"N000325","comp-p","49.0","M","AFG"
"fn000840",0.7261785268783569,0.3620656132698059,"N000325","comp-q","49.0","M","AFG"
"fv160206",0.289473682641983,0.1307947039604187,"V000215","comp-p","8.0","M","BEL"
"fv160205",0.1953290849924087,0.0822397172451019,"V000215","comp-q","8.0","M","BEL"
"fn000823",0.4606741666793823,0.2421453446149826,"N000319","comp-p","35.0","M","MAR"
"fn000824",0.1516533643007278,0.0581222064793109,"N000319","comp-q","35.0","M","MAR"
"fv170061",0.0584269650280475,0.0228744074702262,"V000074","comp-q","11.0","F","BEL"
"fv160062",0.1009615361690521,0.0421455949544906,"V000074","comp-p","11.0","F","BEL"
"fv160125",0.4395393431186676,0.2486569434404373,"V000135","comp-p","10.0","M","BEL"
"fv170125",0.3070866167545318,0.1484743654727935,"V000135","comp-q","10.0","M","BEL"
"fn000820",0.5111111402511597,0.2527472674846649,"N000318","comp-p","13.0","M","THA"
"fn000821",0.3464658260345459,0.1500000059604644,"N000318","comp-q","13.0","M","THA"
"fn000727",0.25,0.1080617532134056,"N000277","comp-p","12.0","F","NL"
"fn000728",0.136114165186882,0.0561475418508052,"N000277","comp-q","12.0","F","NL"
"fn100180",0.5530303120613098,0.304411768913269,"N100041","comp-p","78.0","F","NL"
"fn100193",0.1679999977350235,0.0757510736584663,"N100041","comp-q","78.0","F","NL"
"fv170076",0.3626062273979187,0.1860313266515731,"V000089","comp-q","7.0","M","BEL"
"fv170184",0.1940463036298751,0.092445969581604,"V000209","comp-q","15.0","M","BEL"
"fv160185",0.3716814219951629,0.2097053676843643,"V000209","comp-p","15.0","M","BEL"
"fn000881",0.5541922450065613,0.2159643471240997,"N000344","comp-q","34.0","M","COG"
"fn000880",0.6308316588401794,0.3034597635269165,"N000344","comp-p","34.0","M","COG"
"fn000860",0.4501679837703705,0.179009735584259,"N000334","comp-q","26.0","M","MAR"
"fn000859",0.6443418264389038,0.3302497565746307,"N000334","comp-p","26.0","M","MAR"
"fn000649",0.093891404569149,0.0311710201203823,"N000245","comp-q","16.0","F","NL"
"fn000648",0.3058823645114898,0.1398058235645294,"N000245","comp-p","16.0","F","NL"
"fn100212",0.8898026347160339,0.61042720079422,"N100048","comp-p","94.0","M","NL"
"fn100213",0.8350649476051331,0.5619422793388367,"N100048","comp-q","94.0","M","NL"
"fv160113",0.2477064281702041,0.1107266470789909,"V000122","comp-p","8.0","M","BEL"
"fv170108",0.1478743106126785,0.0572289153933525,"V000122","comp-q","8.0","M","BEL"
"fv170173",0.2593856751918793,0.1091992035508155,"V000188","comp-q","12.0","M","BEL"
"fv160175",0.4651162922382355,0.2342342287302017,"V000188","comp-p","12.0","M","BEL"
"fn100065",0.0922721996903419,0.0353642962872982,"N100015","comp-q","65.0","M","NL"
"fn100064",0.3625730872154236,0.1801596283912658,"N100015","comp-p","65.0","M","NL"
"fv170065",0.2336956560611724,0.1133982017636299,"V000078","comp-q","7.0","M","BEL"
"fv160066",0.5542857050895691,0.2653799653053283,"V000078","comp-p","7.0","M","BEL"
"fn000661",0.0472895056009292,0.016481164842844,"N000251","comp-q","13.0","M","NL"
"fn000660",0.4571428596973419,0.2051755934953689,"N000251","comp-p","13.0","M","NL"
"fn000086",0.5875486135482788,0.3726993799209595,"N000041","comp-p","10.0","M","NL"
"fn000087",0.1334792077541351,0.0546940490603446,"N000041","comp-q","10.0","M","NL"
"fn100166",0.3218884170055389,0.1578073054552078,"N100038","comp-p","75.0","F","NL"
"fn100167",0.1040723994374275,0.0448515489697456,"N100038","comp-q","75.0","F","NL"
"fn000524",0.1625282168388366,0.0609215758740901,"N000203","comp-q","8.0","F","NL"
"fn000523",0.4111111164093017,0.1589958220720291,"N000203","comp-p","8.0","F","NL"
"fv170021",0.1358792185783386,0.0495131202042102,"V000028","comp-q","15.0","F","BEL"
"fv160020",0.2762762904167175,0.1465621292591095,"V000028","comp-p","15.0","F","BEL"
"fv160024",0.2471910119056701,0.1046686768531799,"V000031","comp-p","13.0","M","BEL"
"fv170025",0.1839495003223419,0.0719120129942894,"V000031","comp-q","13.0","M","BEL"
"fn000842",0.3510158061981201,0.118199273943901,"N000326","comp-q","47.0","F","RUS"
"fn000841",0.4316239356994629,0.1738055944442749,"N000326","comp-p","47.0","F","RUS"
"fv160168",0.2746478915214538,0.1265306174755096,"V000182","comp-p","17.0","M","BEL"
"fv170171",0.26276695728302,0.1188466921448707,"V000182","comp-q","17.0","M","BEL"
"fn000691",0.3091095089912414,0.1163385808467865,"N000263","comp-q","34.0","F","POL"
"fn000690",0.2586206793785095,0.1218441277742385,"N000263","comp-p","34.0","F","POL"
"fn000062",0.11675675958395,0.0455216020345687,"N000029","comp-q","10.0","M","NL"
"fn000061",0.3257575631141662,0.1260162591934204,"N000029","comp-p","10.0","M","NL"
"fn000696",0.1223103031516075,0.0522655434906482,"N000265","comp-q","13.0","M","NL"
"fn000695",0.2340425550937652,0.1031894907355308,"N000265","comp-p","13.0","M","NL"
"fn000536",0.4166666567325592,0.1860465109348297,"N000207","comp-p","10.0","M","NL"
"fn000537",0.2122335433959961,0.0973834693431854,"N000207","comp-q","10.0","M","NL"
"fv170111",0.2322097420692443,0.101876676082611,"V000125","comp-q","9.0","F","BEL"
"fv160116",0.2714285850524902,0.1578249335289001,"V000125","comp-p","9.0","F","BEL"
"fv170022",0.2033613473176956,0.0805884227156639,"V000029","comp-q","15.0","F","BEL"
"fv160021",0.229813665151596,0.107940450310707,"V000029","comp-p","15.0","F","BEL"
"fv170155",0.2274096459150314,0.0937311649322509,"V000169","comp-q","12.0","F","BEL"
"fv160159",0.4257425665855407,0.23471400141716,"V000169","comp-p","12.0","F","BEL"
"fn000123",0.1861804276704788,0.0888373926281929,"N000058","comp-q","9.0","F","NL"
"fn000122",0.3063829839229584,0.1507293283939361,"N000058","comp-p","9.0","F","NL"
"fv160059",0.3984375,0.1788375526666641,"V000072","comp-p","8.0","F","BEL"
"fv170058",0.1493383795022964,0.0646273121237754,"V000072","comp-q","8.0","F","BEL"
"fn000714",0.4072398245334625,0.2422586530447006,"N000273","comp-p","16.0","F","NL"
"fn000715",0.1098654717206955,0.0506382100284099,"N000273","comp-q","16.0","F","NL"
"fn100067",0.0945945978164672,0.0338123403489589,"N100018","comp-p","68.0","F","NL"
"fn100068",0.0477855466306209,0.0164459627121686,"N100018","comp-q","68.0","F","NL"
"fv160178",0.3779069781303406,0.1978798657655716,"V000185","comp-p","14.0","M","BEL"
"fv170162",0.1808346211910247,0.0759065747261047,"V000185","comp-q","14.0","M","BEL"
"fn000050",0.1978022009134292,0.0701754391193389,"N000026","comp-p","8.0","M","NL"
"fn000051",0.2489208579063415,0.1326470524072647,"N000026","comp-q","8.0","M","NL"
"fn000621",0.5046728849411011,0.259194403886795,"N000234","comp-p","13.0","M","AFG"
"fn000622",0.3089887499809265,0.1062812432646751,"N000234","comp-q","13.0","M","AFG"
"fn100272",0.2930672168731689,0.1438053101301193,"N100067","comp-q","78.0","M","NL"
"fn100271",0.4324324429035187,0.2496551722288131,"N100067","comp-p","78.0","M","NL"
"fn000702",0.0808656066656112,0.0341173969209194,"N000268","comp-q","15.0","M","NL"
"fn000701",0.2183908075094223,0.0766208246350288,"N000268","comp-p","15.0","M","NL"
"fv170034",0.1868544667959213,0.0775603726506233,"V000041","comp-q","15.0","M","BEL"
"fv160034",0.3333333432674408,0.1597869545221328,"V000041","comp-p","15.0","M","BEL"
"fn100178",0.158075600862503,0.0657136738300323,"N100040","comp-q","76.0","F","NL"
"fn100177",0.3918918967247009,0.2271441966295242,"N100040","comp-p","76.0","F","NL"
"fv160026",0.5197740197181702,0.2716763019561767,"V000034","comp-p","15.0","M","BEL"
"fv170099",0.4965035021305084,0.2632013261318207,"V000112","comp-q","9.0","F","BEL"
"fv160004",0.6126428842544556,0.3280041813850403,"V000009","comp-p","29.0","M","KR"
"fv170005",0.2172413766384124,0.0860354527831077,"V000009","comp-q","29.0","M","KR"
"fn100319",0.2169811278581619,0.1064665094017982,"N100080","comp-p","74.0","F","NL"
"fn100320",0.0320733115077018,0.0124735729768872,"N100080","comp-q","74.0","F","NL"
"fv170070",0.1370967775583267,0.0502434708178043,"V000103","comp-q","14.0","F","BEL"
"fv160073",0.1935483813285827,0.0740181282162666,"V000103","comp-p","14.0","F","BEL"
"fn000707",0.1956521719694137,0.0655737668275833,"N000271","comp-p","16.0","F","NL"
"fn000708",0.0737797990441322,0.026227444410324,"N000271","comp-q","16.0","F","NL"
"fn000887",0.3020277619361877,0.107258066534996,"N000347","comp-q","36.0","M","TUR"
"fn000886",0.3478260934352875,0.1456888020038604,"N000347","comp-p","36.0","M","TUR"
"fv160121",0.3846153914928436,0.1557376980781555,"V000130","comp-p","8.0","F","BEL"
"fv170116",0.2522123754024505,0.1158798262476921,"V000130","comp-q","8.0","F","BEL"
"fn000809",0.4757505655288696,0.2256456762552261,"N000312","comp-q","15.0","M","IRQ"
"fn000808",0.7395833134651184,0.3510436415672302,"N000312","comp-p","15.0","M","IRQ"
"fv160003",0.4906542003154754,0.2608277201652527,"V000008","comp-p","51.0","F","BEL"
"fv170004",0.3117709457874298,0.1302277445793151,"V000008","comp-q","51.0","F","BEL"
"fv160080",0.350649356842041,0.1822849810123443,"V000088","comp-p","7.0","F","BEL"
"fv170075",0.1869328469038009,0.0966420993208885,"V000088","comp-q","7.0","F","BEL"
"fn000107",0.2342342287302017,0.1233964562416076,"N000054","comp-p","11.0","F","NL"
"fn000108",0.1669381111860275,0.0616019554436206,"N000054","comp-q","11.0","F","NL"
"fn000071",0.3647798597812652,0.2018348574638366,"N000034","comp-p","8.0","F","NL"
"fn000073",0.2034482806921005,0.0829216688871383,"N000034","comp-q","8.0","F","NL"
"fn000694",0.4070706963539123,0.1506717801094055,"N000264","comp-q","29.0","F","IRQ"
"fn000693",0.5411764979362488,0.3592715263366699,"N000264","comp-p","29.0","F","IRQ"
"fn000059",0.4845360815525055,0.2705338895320892,"N000028","comp-p","10.0","M","NL"
"fn000060",0.2451708763837814,0.121484138071537,"N000028","comp-q","10.0","M","NL"
"fv170187",0.3441295623779297,0.1571782231330871,"V000202","comp-q","10.0","F","BEL"
"fn100263",0.1917808204889297,0.0867064371705055,"N100063","comp-q","78.0","F","NL"
"fn100262",0.288389503955841,0.1168359965085983,"N100063","comp-p","78.0","F","NL"
"fv170157",0.1720867156982422,0.0775499492883682,"V000171","comp-q","15.0","F","AL"
"fv160161",0.3139534890651703,0.1635944694280624,"V000171","comp-p","15.0","F","AL"
"fn000675",0.1490329951047897,0.0638523548841476,"N000258","comp-q","15.0","M","NL"
"fn000674",0.3376623392105102,0.1834170818328857,"N000258","comp-p","15.0","M","NL"
"fv170078",0.1923076957464218,0.0899849385023117,"V000091","comp-q","8.0","F","BEL"
"fv160083",0.2358490526676178,0.1125703528523445,"V000091","comp-p","8.0","F","BEL"
"fv160196",0.3626373708248138,0.2359081357717514,"V000206","comp-p","14.0","M","BEL"
"fv170188",0.3248587548732757,0.1528822034597396,"V000206","comp-q","14.0","M","BEL"
"fn000116",0.3916666805744171,0.2084690481424331,"N000055","comp-p","9.0","M","NL"
"fn000117",0.2050420194864273,0.0889197662472724,"N000055","comp-q","9.0","M","NL"
"fv170195",0.1718538552522659,0.0603081844747066,"V000217","comp-q","9.0","F","BEL"
"fv160209",0.4308943152427673,0.2325228005647659,"V000217","comp-p","9.0","F","BEL"
"fv160110",0.3055555522441864,0.1784776896238327,"V000119","comp-p","8.0","M","BEL"
"fn000587",0.4674556255340576,0.2365714311599731,"N000223","comp-p","16.0","F","ZAF"
"fn000588",0.2808870077133178,0.1143372058868408,"N000223","comp-q","16.0","F","ZAF"
"fn000750",0.4837261438369751,0.2231884002685547,"N000286","comp-q","17.0","F","CHN"
"fn000749",0.7317073345184326,0.4831730723381042,"N000286","comp-p","17.0","F","CHN"
"fv170055",0.2366325408220291,0.0949217900633812,"V000064","comp-q","33.0","F","BEL"
"fv160056",0.5542725324630737,0.3254786431789398,"V000064","comp-p","33.0","F","BEL"
"fn000846",0.3581932783126831,0.1340103596448898,"N000328","comp-q","27.0","F","RUS"
"fn000845",0.4523809552192688,0.2305647879838943,"N000328","comp-p","27.0","F","RUS"
"fn000600",0.2939958572387695,0.1254173666238784,"N000227","comp-q","17.0","F","IDN"
"fn000599",0.4640287756919861,0.2439886778593063,"N000227","comp-p","17.0","F","IDN"
"fn000594",0.6381502747535706,0.3217703402042389,"N000225","comp-q","16.0","M","NGA"
"fn000593",0.7898550629615784,0.4833091497421264,"N000225","comp-p","16.0","M","NGA"
"fn000830",0.2470205873250961,0.0997959151864051,"N000321","comp-q","44.0","F","CHN"
"fn000829",0.3517588078975677,0.1851099878549575,"N000321","comp-p","44.0","F","CHN"
"fv170081",0.1787280738353729,0.0722175016999244,"V000094","comp-q","9.0","M","BEL"
"fv160086",0.3675213754177093,0.1592356711626052,"V000094","comp-p","9.0","M","BEL"
"fv170107",0.1180981621146202,0.0438778549432754,"V000121","comp-q","11.0","M","BEL"
"fv160112",0.3846153914928436,0.1840796023607254,"V000121","comp-p","11.0","M","BEL"
"fv160169",0.4000000059604645,0.1894484460353851,"V000193","comp-p","11.0","M","BEL"
"fv170174",0.4432234466075897,0.220969557762146,"V000193","comp-q","11.0","M","BEL"
"fv170206",0.1640058010816574,0.066334992647171,"V000228","comp-q","73.0","M","BEL"
"fv160211",0.383877158164978,0.2032927721738815,"V000228","comp-p","73.0","M","BEL"
"fn100130",0.4833759665489197,0.2768995463848114,"N100029","comp-p","76.0","M","NL"
"fn100131",0.315673291683197,0.1574753671884536,"N100029","comp-q","76.0","M","NL"
"fn000658",0.252427190542221,0.0932358354330062,"N000250","comp-p","13.0","F","NL"
"fn000659",0.0951834842562675,0.036863412708044,"N000250","comp-q","13.0","F","NL"
"fv160183",0.614814817905426,0.334323912858963,"V000207","comp-p","16.0","M","TH"
"fv170190",0.4495114088058471,0.2095808386802673,"V000207","comp-q","16.0","M","TH"
"fn100257",0.1240045502781868,0.0484348572790622,"N100061","comp-q","84.0","F","NL"
"fn100256",0.3710292279720306,0.212414875626564,"N100061","comp-p","84.0","F","NL"
"fv160213",0.2033195048570633,0.0876007303595542,"V000227","comp-q","87.0","F","BEL"
"fv160214",0.5542168617248535,0.2757894694805145,"V000227","comp-p","87.0","F","BEL"
"fv170143",0.1797297298908233,0.0666160061955452,"V000152","comp-q","84.0","M","BEL"
"fv160134",0.3220339119434356,0.1406959146261215,"V000152","comp-p","84.0","M","BEL"
"fv160047",0.2743362784385681,0.1502683311700821,"V000050","comp-p","13.0","F","BEL"
"fv170047",0.1356628984212875,0.0502000004053115,"V000050","comp-q","13.0","F","BEL"
"fv170014",0.2699662446975708,0.1083458513021469,"V000019","comp-q","40.0","M","BEL"
"fn100295",0.1214528977870941,0.0469968393445014,"N100072","comp-q","92.0","M","NL"
"fn100294",0.4197530746459961,0.1948955953121185,"N100072","comp-p","92.0","M","NL"
"fn000643",0.0845714285969734,0.0279601775109767,"N000242","comp-q","12.0","M","NL"
"fn000642",0.2000000029802322,0.0441988967359066,"N000242","comp-p","12.0","M","NL"
"fn000685",0.4662447273731231,0.1928223818540573,"N000261","comp-q","26.0","M","MAR"
"fn000684",0.6325459480285645,0.3384700119495392,"N000261","comp-p","26.0","M","MAR"
"fv160180",0.2750000059604645,0.1172214150428772,"V000186","comp-p","16.0","F","BEL"
"fv170168",0.1496212184429168,0.0584928877651691,"V000186","comp-q","16.0","F","BEL"
"fn000579",0.4138613939285278,0.1895193010568618,"N000220","comp-q","16.0","F","NLD"
"fn000578",0.5169491767883301,0.2718120813369751,"N000220","comp-p","16.0","F","NLD"
"fn100306",0.4040968418121338,0.2138245403766632,"N100076","comp-p","74.0","M","NL"
"fn100307",0.1378923803567886,0.0624089874327182,"N100076","comp-q","74.0","M","NL"
"fn000816",0.3719806671142578,0.2052274942398071,"N000316","comp-p","13.0","M","POL"
"fn000817",0.465042382478714,0.2051126062870025,"N000316","comp-q","13.0","M","POL"
"fn000807",0.2794457376003265,0.112594187259674,"N000311","comp-q","15.0","M","ROU"
"fn000806",0.3733333349227905,0.1833122670650482,"N000311","comp-p","15.0","M","ROU"
"fn000882",0.6789297461509705,0.4082551598548889,"N000345","comp-p","29.0","F","PHL"
"fn000883",0.4758155345916748,0.1736616641283035,"N000345","comp-q","29.0","F","PHL"
"fv170109",0.1728624552488327,0.0837917923927307,"V000123","comp-q","8.0","M","BEL"
"fv160114",0.1917808204889297,0.0782396122813224,"V000123","comp-p","8.0","M","BEL"
"fn000036",0.7200000286102295,0.4259259402751922,"N000019","comp-p","23.0","M","CZE"
"fn000037",0.512898325920105,0.2189957648515701,"N000019","comp-q","23.0","M","CZE"
"fn000602",0.2857142984867096,0.1012311875820159,"N000228","comp-p","14.0","F","NLD"
"fn000603",0.1747572869062423,0.0700880289077758,"N000228","comp-q","14.0","F","NLD"
"fn000548",0.2413793057203292,0.1033950597047805,"N000211","comp-p","7.0","M","NL"
"fn000549",0.2576271295547485,0.1182834506034851,"N000211","comp-q","7.0","M","NL"
"fn000132",0.209999993443489,0.0697674453258514,"N000062","comp-p","11.0","F","NL"
"fn000133",0.2034682035446167,0.0775419026613235,"N000062","comp-q","11.0","F","NL"
"fn100141",0.2505263090133667,0.1233243942260742,"N100032","comp-q","85.0","F","NL"
"fn000753",0.5555555820465088,0.3157894611358642,"N000288","comp-p","13.0","F","LKA"
"fn000754",0.4766558110713959,0.2136805057525634,"N000288","comp-q","13.0","F","LKA"
"fn000892",0.6056803464889526,0.3479705452919006,"N000350","comp-p","44.0","M","GMB"
"fn000893",0.5036344528198242,0.2188954055309295,"N000350","comp-q","44.0","M","GMB"
"fn000527",0.2682926952838897,0.1227272748947143,"N000204","comp-p","8.0","M","NL"
"fn000154",0.3105590045452118,0.144943818449974,"N000072","comp-p","13.0","M","NL"
"fn000155",0.0794702023267746,0.0329506807029247,"N000072","comp-q","13.0","M","NL"
"fn000868",0.274371862411499,0.0980015397071838,"N000338","comp-q","52.0","F","DZA"
"fn000867",0.3802395164966583,0.2064979672431945,"N000338","comp-p","52.0","F","DZA"
"fn000099",0.2310126572847366,0.1168495789170265,"N000047","comp-p","11.0","M","NL"
"fn000100",0.1404072940349578,0.0564198307693004,"N000047","comp-q","11.0","M","NL"
"fv170154",0.3169811367988586,0.1514677107334137,"V000168","comp-q","10.0","M","BEL"
"fv160158",0.7279999852180481,0.4301765561103821,"V000168","comp-p","10.0","M","BEL"
"fv160085",0.2638888955116272,0.1081794202327728,"V000093","comp-p","9.0","M","BEL"
"fv170080",0.2784503698348999,0.1189555153250694,"V000093","comp-q","9.0","M","BEL"
"fv160094",0.3409090936183929,0.1921126693487167,"V000110","comp-p","83.0","F","BEL"
"fv160204",0.4000000059604645,0.1635220199823379,"V000216","comp-p","8.0","F","BEL"
"fv170197",0.2960288822650909,0.1171875,"V000216","comp-q","8.0","F","BEL"
"fv170153",0.2972459495067596,0.1384479701519012,"V000167","comp-q","12.0","M","BEL"
"fv160157",0.4711538553237915,0.2673611044883728,"V000167","comp-p","12.0","M","BEL"
"fn100074",0.2783018946647644,0.1541155874729156,"N100019","comp-p","78.0","F","NL"
"fn100075",0.0665914192795753,0.02332847379148,"N100019","comp-q","78.0","F","NL"
"fv160064",0.1418918967247009,0.0662337690591812,"V000076","comp-p","10.0","M","BEL"
"fv170063",0.1255673170089721,0.050045222043991,"V000076","comp-q","10.0","M","BEL"
"fn000624",0.6256983280181885,0.3248618841171264,"N000235","comp-p","14.0","M","IRQ"
"fn000625",0.3993435502052307,0.1705743223428726,"N000235","comp-q","14.0","M","IRQ"
"fn000500",0.3540855944156647,0.1665500402450561,"N000196","comp-p","11.0","F","NL"
"fn000499",0.1182310432195663,0.0430630035698413,"N000196","comp-q","11.0","F","NL"
"fn000745",0.5151515007019043,0.2757569253444671,"N000284","comp-q","15.0","M","IRQ"
"fn000744",0.5975610017776489,0.2713004350662231,"N000284","comp-p","15.0","M","IRQ"
"fn100279",0.123059868812561,0.0489787422120571,"N100069","comp-q","85.0","F","NL"
"fn100278",0.3942652344703674,0.1985585540533065,"N100069","comp-p","85.0","F","NL"
"fv170132",0.1043890863656997,0.0419501140713691,"V000142","comp-q","10.0","M","BEL"
"fv160133",0.4432989656925201,0.21875,"V000142","comp-p","10.0","M","BEL"
"fv170159",0.3451327383518219,0.1751453429460525,"V000173","comp-q","11.0","F","BEL"
"fv160163",0.6000000238418579,0.3435980677604675,"V000173","comp-p","11.0","F","BEL"
"fn000377",0.1197339221835136,0.0441116131842136,"N000161","comp-q","14.0","M","NL"
"fn000376",0.1771217733621597,0.0707648321986198,"N000161","comp-p","14.0","M","NL"
"fv160193",0.5952380895614624,0.3066037595272064,"V000195","comp-p","11.0","F","BEL"
"fv170179",0.3291428685188293,0.1427278965711593,"V000195","comp-q","11.0","F","BEL"
"fv160147",0.1029748320579528,0.0353116355836391,"V000155","comp-q","75.0","M","BEL"
"fv160146",0.224137932062149,0.0891141965985298,"V000155","comp-p","75.0","M","BEL"
"fn000142",0.230158731341362,0.0872092992067337,"N000066","comp-p","11.0","M","NL"
"fn000143",0.1780366003513336,0.0745974332094192,"N000066","comp-q","11.0","M","NL"
"fv170012",0.342797040939331,0.1474673151969909,"V000022","comp-q","18.0","M","AL"
"fn000381",0.2010989040136337,0.0873462557792663,"N000162","comp-q","15.0","M","NL"
"fn000380",0.2988505661487579,0.1466083079576492,"N000162","comp-p","15.0","M","NL"
"fv160023",0.1461538523435592,0.0695915296673774,"V000026","comp-p","14.0","F","BEL"
"fv170024",0.1227272748947143,0.0417789742350578,"V000026","comp-q","14.0","F","BEL"
"fv160212",0.1971831023693084,0.0919191911816597,"V000225","comp-p","65.0","F","BEL"
"fv170205",0.0601415112614631,0.0174634363502264,"V000225","comp-q","65.0","F","BEL"
"fn000848",0.517602264881134,0.2313515543937683,"N000329","comp-q","28.0","F","CHN"
"fn000104",0.2175480723381042,0.0900254547595977,"N000049","comp-q","10.0","F","NL"
"fn000103",0.3984962403774261,0.1836158186197281,"N000049","comp-p","10.0","F","NL"
"fv170072",0.1532625257968902,0.0655538663268089,"V000101","comp-q","12.0","M","BEL"
"fv170119",0.1705498546361923,0.0637595579028129,"V000133","comp-q","11.0","M","BEL"
"fn000521",0.1602836847305297,0.0668762475252151,"N000202","comp-q","8.0","F","NL"
"fn000520",0.1832460761070251,0.0589410588145256,"N000202","comp-p","8.0","F","NL"
"fn100083",0.141078844666481,0.0427807494997978,"N100021","comp-p","68.0","F","NL"
"fn100084",0.0310701951384544,0.0095057031139731,"N100021","comp-q","68.0","F","NL"
"fv160095",0.4433497488498688,0.2925311326980591,"V000111","comp-p","81.0","F","BEL"
"fv170090",0.1649694442749023,0.0604078508913517,"V000111","comp-q","81.0","F","BEL"
"fv160197",0.5839415788650513,0.3446327745914459,"V000210","comp-p","14.0","M","BEL"
"fv170178",0.2000000029802322,0.0957354232668876,"V000210","comp-q","14.0","M","BEL"
"fv170181",0.1459731608629226,0.0542031824588775,"V000203","comp-q","11.0","M","BEL"
"fv170060",0.3333333432674408,0.1633507907390594,"V000071","comp-q","8.0","M","BEL"
"fv160061",0.5357142686843872,0.304964542388916,"V000071","comp-p","8.0","M","BEL"
"fn000790",0.515418529510498,0.2836752831935882,"N000303","comp-p","12.0","M","TUR"
"fn000791",0.4412416815757751,0.1974386274814605,"N000303","comp-q","12.0","M","TUR"
"fn100269",0.1060433313250541,0.0425170063972473,"N100065","comp-q","90.0","M","NL"
"fn100268",0.2783505022525787,0.1221682876348495,"N100065","comp-p","90.0","M","NL"
"fn000851",0.4473398625850677,0.1824394315481186,"N000330","comp-q","34.0","F","BRA"
"fn000850",0.3901098966598511,0.191314548254013,"N000330","comp-p","34.0","F","BRA"
"fv170203",0.07941834628582,0.0310559011995792,"V000214","comp-q","16.0","F","BEL"
"fv160198",0.22891566157341,0.0814977958798408,"V000214","comp-p","16.0","F","BEL"
"fn000546",0.190476194024086,0.0916615575551986,"N000210","comp-q","7.0","M","NL"
"fn000545",0.4166666567325592,0.1545253843069076,"N000210","comp-p","7.0","M","NL"
"fv170008",0.2850521504878998,0.1197339221835136,"V000014","comp-q","40.0","F","CO"
"fv160007",0.4614661633968353,0.2412347495555877,"V000014","comp-p","40.0","F","CO"
"fn100223",0.5878679752349854,0.3333333432674408,"N100051","comp-p","78.0","F","NL"
"fv170071",0.1062271073460578,0.0385726429522037,"V000100","comp-q","16.0","M","BEL"
"fv160074",0.2809523940086365,0.1304347813129425,"V000100","comp-p","16.0","M","BEL"
"fn000101",0.4000000059604645,0.1658206433057785,"N000048","comp-p","10.0","M","NL"
"fn000102",0.2839080393314361,0.1347345113754272,"N000048","comp-q","10.0","M","NL"
