word,lm_score,ngram_size,oov,silence_within,missed_speech_before,logits_median,start_time,end_time
gefeliciteerd,-3.4450526237487793,2,False,-0.08180348184321005,-0.20747575675234803,-1.966709315776825,14.76,15.82
u,-2.294330358505249,3,False,,,-2.04744291305542,16.62,16.66
mag,-2.6863021850585938,4,False,-0.2840196284355007,-0.12899485382473921,-2.424118995666504,16.78,16.96
vandaag,-3.8702032566070557,3,False,-0.2828162399578947,-0.12176787860232989,-2.326097249984741,17.06,17.54
een,-2.1033341884613037,3,False,,-0.13649542170079162,-2.029262065887451,17.66,17.76
reis,-4.065604209899902,2,False,-0.302568655060811,-0.13248230550043305,-2.2513710260391235,17.88,18.12
gaan,-2.1031887531280518,3,False,-0.23472455101149498,-0.1348886624391285,-2.468462586402893,18.24,18.48
kiezen,-3.9929890632629395,2,False,-0.22591094497556674,-0.1456255191890455,-2.0960681438446045,18.58,18.9
ik,-2.8442678451538086,2,False,,,-2.260010838508606,19.66,19.74
zal,-2.015899181365967,3,False,-0.2629023455589896,-0.09949485595827215,-2.175207257270813,19.82,20.02
u,-1.7728983163833618,3,False,,0.03326603712270977,-2.32485294342041,20.06,20.08
daarbij,-2.8802950382232666,4,False,-0.2659269803306151,-0.1799491438985224,-2.504354476928711,20.28,20.64
helpen,-0.9727979898452759,5,False,-0.2761585695938917,-0.1428553506592568,-2.244113802909851,20.8,21.16
waar,-3.7197659015655518,2,False,-0.3517482448022482,-0.19576632466413257,-2.342247486114502,25.84,26.0
wilt,-3.67118239402771,2,False,-0.23360791675727421,-0.1440351524173405,-2.841119408607483,26.14,26.4
u,-0.0910169780254364,3,False,,-0.14463464199468312,-1.8446921110153198,26.48,26.5
naar,-1.814231038093567,4,False,-0.30074171421403983,-0.1640170571058361,-2.3223921060562134,26.64,26.78
toe,-0.036402273923158646,5,False,,-0.16119683877168314,-2.321947932243347,26.92,27.02
marakesmarakesh,-9.613019943237305,1,True,-0.06009483037715109,-0.21102685153515863,-1.6532996892929077,28.94,35.08
een,-2.502375364303589,1,False,-0.3056030686681323,-0.20734248945890457,-2.3019063472747803,35.48,35.62
mooie,-3.1181459426879883,2,False,-0.26368149056368234,-0.08926535858485102,-1.9603880047798157,35.7,35.94
stad,-2.4061038494110107,3,False,-0.3001436231003451,-0.12705968468359682,-2.2995805740356445,36.08,36.34
wat,-2.4688642024993896,4,False,-0.3210647149867848,,-2.4141041040420532,37.2,37.38
vindt,-3.514824390411377,2,False,-0.24972306681687934,-0.10053388039095622,-2.363677740097046,37.44,37.66
u,-0.47792842984199524,3,False,,-0.1238569959736782,-1.8116872310638428,37.72,37.76
zo,-2.798722505569458,4,False,,-0.15092617581824963,-1.8930354118347168,37.9,37.96
leuk,-3.087008237838745,3,False,-0.41524776509612155,-0.1822971942792633,-2.250213861465454,38.18,38.34
aan,-1.2762116193771362,4,False,,-0.10589315657414798,-2.3409711122512817,38.42,38.54
marakesh,-8.524347305297852,1,False,-0.06413884206182305,-0.12046469127378887,-2.1836235523223877,38.7,39.38
denk,-3.466346263885498,1,False,-0.17774851211741013,,-2.4398367404937744,40.24,40.46
aan,-1.4540265798568726,2,False,-0.2933008800349378,-0.11553757996552287,-2.6748918294906616,40.56,40.72
de,-0.9732100963592529,3,False,,-0.02236014222906608,-2.8586117029190063,40.78,40.86
mensen,-2.2228050231933594,4,False,-0.34274419834215036,-0.08142222737422336,-2.3584126234054565,40.94,41.32
het,-3.234888792037964,4,False,-0.3899077237379501,-0.19644432596313713,-3.120659828186035,41.72,41.86
weer,-3.2475814819335938,3,False,-0.31732138174059804,-0.08471079561585759,-2.5537625551223755,41.94,42.1
of,-2.5480520725250244,3,False,-0.30447049557970807,-0.0825022451418552,-2.7774925231933594,42.18,42.34
de,-0.769768476486206,4,False,,-0.10634385398633761,-2.909978151321411,42.46,42.54
winkels,-4.248671531677246,3,False,-0.05120605226903911,-0.10112536692875446,-1.8088316917419434,42.6,46.56
jamel,-7.189677715301514,1,False,-0.36071708221970117,-0.11598070291207888,-2.4556682109832764,46.64,47.02
jam,-4.985078811645508,1,False,-0.41771792380293693,-0.18129501663393305,-2.5930665731430054,47.2,47.36
elfen,-5.535891056060791,1,False,-0.32965292215835257,-0.09330832983831076,-2.4121663570404053,47.42,47.78
jamel,-6.566594123840332,1,False,-0.06364235472752067,-0.2316444570874674,-2.3212462663650513,49.58,50.18
denk,-3.4750571250915527,1,False,-0.08486185750050611,,-2.8275784254074097,50.92,51.2
de,-2.8576672077178955,2,False,-0.5066157357794581,-0.29857690305912754,-3.1330485343933105,52.34,52.48
miewinkel,-8.195018768310547,1,False,-0.04607685464325316,-0.03456909684450966,-2.233884572982788,52.54,57.88
en,-2.214723587036133,1,False,,-0.2660991608840358,-2.815580129623413,58.88,58.96
dansen,-3.7863352298736572,2,False,-0.05222944851841057,-0.2200481957519717,-2.6830739974975586,61.06,61.64
het,-2.7990975379943848,2,False,-0.4256966444718244,,-2.6564663648605347,62.54,62.7
weer,-3.150212287902832,2,False,-0.2847547730570008,-0.06482370451045844,-2.263456344604492,62.76,62.96
of,-2.4786927700042725,3,False,,,-2.5412787199020386,63.8,63.92
de,-0.769768476486206,4,False,,-0.1445165531971764,-2.709966540336609,64.06,64.18
winkels,-4.248671531677246,3,False,-0.04107551592138082,-0.08814162559537692,-1.806886911392212,64.26,67.52
uit,-2.147392749786377,3,False,-0.44332975751978687,,-2.6540738344192505,67.96,68.1
wel,-3.7811238765716553,2,False,-0.2893881405225853,-0.13795393794606434,-2.2847065925598145,68.18,68.46
uit,-2.2364046573638916,3,False,-0.3663170001181209,-0.23970004234540981,-2.598193645477295,69.72,69.86
wel,-3.8507766723632812,3,False,-0.279680510478109,-0.09486967420670456,-2.1984260082244873,69.92,70.18
jaik,-7.0039381980896,1,False,-0.0682675509798859,-0.23307070677111655,-1.7004778981208801,72.22,75.92
heb,-1.408929467201233,2,False,-0.3089120359953867,-0.12266178698613625,-2.4558902978897095,76.02,76.18
u,-3.111661195755005,2,False,,-0.029229794641411483,-2.557205080986023,76.22,76.24
niet,-1.8490879535675049,3,False,-0.29331993192927797,-0.15556847730518425,-2.402205467224121,76.38,76.56
verstaan,-2.7362091541290283,4,False,-0.11588693401344766,-0.0801361579683663,-2.391002893447876,76.62,77.2
kunt,-4.456846237182617,2,False,-0.11508477596952935,,-2.100273013114929,77.98,78.22
u,-0.567682683467865,3,False,,-0.09065263877281568,-1.609087347984314,78.3,78.32
dat,-1.6277589797973633,3,False,-0.33974873511351106,-0.1112538645854928,-2.469422459602356,78.42,78.58
nog,-1.657951831817627,4,False,,-0.14192093857857066,-2.2486732006073,78.72,78.78
een,-0.5782914161682129,5,False,-0.33947458341254355,-0.17273738181721424,-2.405188202857971,78.96,79.12
keer,-0.024316640570759773,5,False,-0.2853707743015489,-0.1272525108417643,-2.4804762601852417,79.22,79.4
zeggen,-1.126703143119812,5,False,-0.26114056932219026,-0.11726652856123639,-2.119437336921692,79.5,79.76
staneriaanse,-9.438509941101074,1,False,-0.03587662942964481,-0.220872524571697,-2.020514726638794,86.24,122.48
die,-2.58551025390625,1,False,-0.25623687867147993,-0.015531504885184714,-2.9111160039901733,122.54,122.7
race,-3.9780917167663574,2,False,-0.3382747801594861,-0.1373795907120323,-2.720386505126953,122.82,123.14
naar,-2.1532022953033447,3,False,-0.3298361197710172,-0.25029046694810614,-2.4934890270233154,124.24,124.38
marrakesh,-5.177962303161621,2,False,-0.04769373884187743,-0.16255447313569946,-1.985408067703247,124.58,126.86
voor,-2.2888662815093994,2,False,-0.2908145929791208,-0.11075470723700769,-2.014461874961853,126.92,127.1
weer,-3.7748286724090576,2,False,-0.0984139975814273,-0.24746920961792598,-2.5965605974197388,128.18,128.46
wat,-2.4488673210144043,3,False,-0.3397628815161952,-0.21297345193264255,-2.4833996295928955,136.38,136.54
wilt,-2.9837753772735596,3,False,-0.29032418983169744,-0.1328963865005688,-2.726667881011963,136.64,136.88
u,-0.2950722873210907,3,False,,0.29272225628480947,-2.0226404070854187,136.9,136.96
gaan,-2.417097568511963,4,False,-0.31336649177118003,-0.12273630545142353,-2.6363474130630493,137.06,137.3
doen,-0.042351529002189636,5,False,-0.29351652265827566,-0.1323102741167789,-2.2095059156417847,137.42,137.58
in,-2.6849873065948486,3,False,,0.026883014611169778,-2.3076778650283813,137.62,137.74
deze,-1.5021023750305176,4,False,-0.2666471730902356,-0.0962609870277141,-2.525912880897522,137.84,138.06
stad,-1.1974854469299316,4,False,-0.4832203935492656,-0.17048510288061852,-2.372057318687439,138.24,138.48
denk,-4.322466850280762,4,False,-0.2017428034035902,,-2.3950246572494507,139.34,139.54
aan,-2.707015037536621,2,False,-0.3305648917558262,-0.12434609188297582,-2.330180525779724,139.64,139.78
iets,-1.8626511096954346,3,False,-0.26228854917402467,-0.12498806429481665,-2.461538791656494,139.88,140.04
dat,-1.3156262636184692,4,False,-0.2485820891542099,-0.14489255814627797,-2.5724968910217285,140.18,140.32
u,-2.71862530708313,3,False,,-0.06220560649317582,-2.1429731845855713,140.38,140.4
wilt,-1.5122965574264526,4,False,-0.24504680712581958,-0.12581694092463008,-2.7003155946731567,140.52,140.76
gaan,-2.4690606594085693,4,False,-0.28114547700690196,-0.10707753559679237,-2.436378598213196,140.84,141.06
zien,-1.008998990058899,5,False,-0.41104453808055075,-0.17127051394745174,-2.3735305070877075,141.26,141.42
ik,-2.9266505241394043,3,False,,-0.20130013687804368,-2.3081477880477905,147.44,147.56
wil,-1.1688263416290283,3,False,-0.25592313999667926,-0.10960051599756251,-2.4398924112319946,147.64,147.84
gaan,-2.870143413543701,3,False,-0.04025385710471507,,-2.85253369808197,148.26,148.64
doe,-2.799990177154541,3,False,,-0.23259433430333282,-2.6933696269989014,151.58,151.7
in,-3.293332576751709,2,False,,-0.2251376106773636,-2.5970778465270996,151.92,152.02
deze,-1.5758099555969238,3,False,-0.5010654402867837,-0.2166697951612934,-2.8237509727478027,152.32,152.58
stad,-0.9583762884140015,4,False,-0.3159303467032841,-0.15880930718422032,-3.163806915283203,152.78,153.02
denken,-3.558310031890869,4,False,-0.04231611193887786,,-2.1220890283584595,153.46,155.38
is,-2.580287218093872,3,False,-0.39274449830990393,-0.15556884993626618,-2.531360387802124,155.56,155.7
danwel,-6.459464073181152,2,False,-0.055500966978549816,-0.11392983554836345,-2.5737056732177734,155.82,156.62
gezien,-3.3429133892059326,1,False,-0.07160242890709516,-0.1459141396851068,-2.8870670795440674,156.8,157.34
ja,-2.6488449573516846,2,False,,-0.19172581374771336,-2.2279590368270874,158.9,158.96
ik,-1.3510842323303223,3,False,,-0.15632880768090657,-2.376713275909424,159.94,160.04
zin,-4.8826212882995605,2,False,-0.3605935128766189,-0.16042886027005862,-2.654358744621277,160.18,160.58
ik,-2.5024795532226562,2,False,,,-2.4847543239593506,161.06,161.16
gezienja,-6.626201152801514,2,False,-0.051283188700486634,-0.12484455760878539,-1.6096591353416443,161.22,179.18
hoe,-3.2354166507720947,1,False,-0.34399412504975047,-0.2366322685471856,-2.289586067199707,185.8,185.94
gaat,-1.372270941734314,2,False,-0.30512882615517956,-0.12837479183753633,-2.697021484375,186.02,186.26
u,-2.229901075363159,3,False,,0.2831929530205337,-2.1690436601638794,186.28,186.3
naar,-1.6509568691253662,4,False,-0.31287751761452154,-0.15448791386068036,-2.3799493312835693,186.44,186.6
die,-2.3656387329101562,4,False,,-0.10724467317700548,-2.429408073425293,186.7,186.82
stad,-3.1638762950897217,3,False,-0.28908527533019845,-0.12548431905745924,-2.465826153755188,186.92,187.14
toe,-2.3757925033569336,4,False,-0.25657402648082966,-0.1695182917745301,-2.692203402519226,187.24,187.38
met,-2.5819711685180664,2,False,,-0.24008527677878186,-2.8977880477905273,191.04,191.16
met,-3.098771810531616,3,False,-0.37047753912826936,-0.22829877985061015,-2.6677016019821167,192.62,192.76
vliegtuig,-5.12795352935791,2,False,-0.03608509455948019,,-2.7454206943511963,193.62,194.1
uit,-2.3962666988372803,2,False,-0.40974137413008604,-0.24447048596081306,-3.1335902214050293,196.18,196.38
uit,-3.349362850189209,2,False,-0.2805440211050934,-0.1959100754328355,-3.0916393995285034,196.58,196.74
vliegtuig,-5.559732913970947,2,False,-0.11238319417433137,-0.12149642335639743,-2.7322124242782593,196.84,197.38
u,-3.178752899169922,2,False,,-0.2686242167636656,-1.6006256937980652,198.56,198.58
meteen,-3.239435911178589,2,False,-0.2876469874611443,-0.13000979632298437,-2.3869471549987793,198.7,199.04
naar,-1.168670654296875,3,False,-0.3370292399999756,-0.14342456399829565,-2.053250312805176,199.16,199.3
die,-2.2911431789398193,3,False,,-0.10726425537880209,-2.8024734258651733,199.4,199.52
stad,-2.7006006240844727,3,False,-0.2884654541214334,-0.12098275259089866,-2.271647334098816,199.62,199.84
toe,-2.3757925033569336,4,False,-0.31854840930927475,-0.06476142898568,-2.387384533882141,199.9,200.04
of,-2.759836435317993,2,False,-0.30189867796019876,-0.08520668620622629,-2.5298149585723877,200.12,200.28
onderweg,-4.323347091674805,2,False,-0.10122854925472344,-0.06540320524135312,-2.6420528888702393,200.36,200.94
nog,-2.801449775695801,2,False,-0.27632309671534594,-0.13055758460332031,-2.4966858625411987,201.08,201.22
iets,-1.402043104171753,3,False,-0.26630484852882563,-0.1501590657276368,-2.4163827896118164,201.36,201.56
anders,-1.4923173189163208,3,False,-0.2807653852310216,-0.10617976040665564,-2.3191150426864624,201.66,202.0
zien,-2.2693302631378174,4,False,-0.46212865311429696,-0.1640249247775191,-2.514215588569641,202.2,202.38
weerdood,-10.157753944396973,1,False,-0.04201347666362123,-0.23403322090213702,-2.2966161966323853,206.7,216.78
staat,-3.2378947734832764,1,False,-0.26587090496337257,-0.12537339901212374,-2.7822314500808716,216.88,217.18
waar,-2.674705982208252,2,False,,-0.20726296700607955,-2.4685747623443604,223.44,223.56
het,-1.2482386827468872,3,False,,-0.196091209449327,-2.8422974348068237,223.92,224.0
u,-3.17425799369812,3,False,,-0.04431853002216476,-2.3199914693832397,224.06,224.12
het,-1.735694408416748,4,False,-0.30300420567079345,-0.07931292902096951,-2.6092830896377563,224.2,224.34
liefst,-3.2571640014648438,3,False,-0.28351483081660467,-0.0774868276466408,-2.120336413383484,224.42,224.78
slapen,-4.8871049880981445,1,False,-0.3398282730819674,-0.1289994223375314,-2.373916506767273,224.94,225.32
in,-1.5761784315109253,2,False,,-0.20149749296967379,-2.086929202079773,231.68,231.8
de,-0.8023864030838013,3,False,,-0.1284780723610908,-2.3765093088150024,231.9,231.96
hotel,-4.388103008270264,3,False,-0.08996678786667912,-0.18961548287810814,-2.195177435874939,232.26,232.78
moeten,-3.1578800678253174,2,False,-0.1459307130797724,-0.22969736198639973,-2.5157806873321533,247.86,248.1
wij,-2.4836509227752686,2,False,,-0.07064950390998624,-2.47356379032135,248.16,248.24
alle,-3.0443010330200195,3,False,-0.37150361847943775,-0.14809860577835088,-2.5374107360839844,248.4,248.56
maaltijden,-4.0849175453186035,2,False,-0.05243982418810406,-0.15951057087221668,-2.816490888595581,248.7,249.28
voor,-1.5755350589752197,2,False,-0.27371266480806433,-0.08881045297494448,-2.239546060562134,249.34,249.5
u,-1.6514159440994263,3,False,,-0.12178947675375154,-2.1940757036209106,249.6,249.66
regelen,-2.3613157272338867,3,False,-0.2583468043407691,-0.11802863628409446,-2.369512915611267,249.76,250.12
of,-2.3537724018096924,4,False,,-0.12609514616458245,-2.2283822298049927,250.22,250.34
doet,-3.9866175651550293,2,False,-0.32815251980864074,-0.1597380592592825,-2.7308157682418823,250.48,250.66
u,-1.0202969312667847,3,False,,-0.060502841037879514,-2.098156213760376,250.72,250.74
dat,-0.6121116280555725,4,False,-0.31104290533255374,-0.14064123559352373,-2.693225622177124,250.84,251.0
liever,-1.336997389793396,5,False,-0.22900050372332553,-0.15142540214384487,-2.1769394874572754,251.1,251.44
zelf,-1.3498176336288452,4,False,-0.3372725390801937,-0.16524241713871382,-2.2559832334518433,251.58,251.84
u,-4.263458251953125,2,False,,,-2.0917012691497803,252.72,252.74
krijgt,-2.781379222869873,2,False,-0.2668011449211305,-0.15256871669422795,-2.295280933380127,252.9,253.22
dan,-2.016620635986328,3,False,,-0.14223597977496266,-2.4354240894317627,253.36,253.48
geld,-2.870893955230713,3,False,-0.24873230176165162,-0.0873979599736253,-2.534739136695862,253.56,253.88
voor,-0.9981219172477722,4,False,-0.3091957295009216,-0.059475082465885204,-2.2712135314941406,253.94,254.1
eten,-1.9905402660369873,4,False,-0.3888696047411455,-0.1499066249679382,-2.4415186643600464,254.24,254.44
en,-1.0910471677780151,4,False,,-0.09447843802705463,-2.156098246574402,254.56,254.62
drinken,-1.1021649837493896,4,False,-0.24738825320666152,-0.09297664105215443,-2.349074125289917,254.74,255.12
ja,-3.5848867893218994,4,False,-0.05278330911723032,-0.23576966430487306,-1.4570711851119995,258.26,270.7
ik,-1.5179344415664673,3,False,,-0.14986258247083978,-2.498843550682068,270.88,270.96
ik,-2.4470748901367188,3,False,-0.0451485585562931,-0.20531778547014004,-2.2432154417037964,271.3,271.92
krijg,-2.041093587875366,4,False,-0.23677875385594624,0.2890328634569944,-2.624084234237671,271.94,272.18
veel,-2.8220996856689453,3,False,-0.27192852361041253,-0.21691186901573442,-2.657735586166382,273.9,274.1
geld,-1.3922137022018433,4,False,-0.3363120196536725,-0.15941921487777547,-2.3852208852767944,274.22,274.44
voor,-0.3729974925518036,5,False,-0.39396732509242655,-0.23521181279938522,-2.32270610332489,274.7,274.94
etenkhebt,-9.442801475524902,1,True,-0.06861057314408212,-0.14310097518592862,-1.8695887327194214,275.1,280.26
u,-3.0468413829803467,1,False,,-0.08430811408548511,-2.07299143075943,280.34,280.36
speciale,-4.161962985992432,2,False,-0.1848825112721176,-0.1396760726377797,-2.183713674545288,280.52,281.02
eisen,-3.313840627670288,2,False,-0.3221173060261372,-0.1165203778470957,-2.5005979537963867,281.16,281.48
vorige,-4.854487895965576,1,False,-0.2751429430710456,-0.11756935250791163,-2.5975704193115234,281.6,281.9
tetjacosiÃ«rwilt,-7.940977096557617,1,True,-0.05034883776463964,-0.15898581367422662,-1.6251311898231506,282.02,298.5
u,-3.0468413829803467,1,False,,-0.11208245385860682,-1.4751920104026794,298.56,298.58
een,-2.142249584197998,2,False,-0.39304608094970966,-0.11043779590480667,-2.5444064140319824,298.7,298.86
reisgids,-5.147603511810303,2,False,-0.16320752247280426,-0.02111723976135006,-2.3717870712280273,298.92,299.5
of,-2.0184404850006104,3,False,-0.3776232497611906,-0.07822351086869299,-2.42582631111145,299.58,299.72
gaat,-3.1285059452056885,2,False,-0.3234672007585702,-0.15098063773294174,-2.89155375957489,299.82,300.04
u,-1.0939745903015137,3,False,,-0.16318144001283172,-1.9687113165855408,300.16,300.18
liever,-2.3189280033111572,4,False,-0.23604215129859618,-0.17327696123628045,-2.3650721311569214,300.28,300.62
zelf,-2.23097562789917,3,False,-0.2752304842353493,-0.11977820036398876,-2.3260111808776855,300.72,301.0
de,-1.2838366031646729,3,False,,-0.0573741738474185,-2.7515408992767334,301.08,301.14
stad,-2.8373122215270996,3,False,-0.2616350776534951,-0.14966232367531984,-2.31882905960083,301.3,301.52
bekijken,-3.229433298110962,3,False,-0.05274997939587799,-0.13298694236064415,-1.8445299863815308,301.64,307.0
of,-2.693495035171509,2,False,-0.44562698224942016,-0.2283260509141793,-2.9369444847106934,309.16,309.3
raadik,-8.130889892578125,1,False,-0.037208717712809494,-0.18979243927089867,-1.7102832198143005,309.44,317.44
rat,-4.652038097381592,1,False,-0.42106909055623,-0.057685697869657,-3.0367361307144165,317.52,317.74
lever,-4.960506439208984,1,False,-0.05311559193191507,,-2.517954111099243,318.62,319.06
zelf,-3.327906847000122,2,False,-0.4551981110008317,-0.21537209857859016,-2.5593215227127075,319.38,319.62
de,-1.954727292060852,2,False,,-0.1593518718127165,-2.809813141822815,319.76,319.82
stad,-2.7036941051483154,3,False,-0.356529990528936,-0.10353707394396586,-2.8311620950698853,319.92,320.12
bekijk,-5.544187545776367,1,False,-0.04702807319159368,-0.21787946187532245,-2.5162304639816284,322.74,323.14
ik,-1.4126044511795044,2,False,,-0.21769805958212474,-2.2288928031921387,326.8,326.9
heb,-1.8392318487167358,2,False,-0.28522987607069106,-0.12876454900054485,-2.2816206216812134,327.0,327.14
u,-2.3303399085998535,3,False,,-0.013404090175964348,-1.985532820224762,327.18,327.24
niet,-1.3636143207550049,4,False,-0.2720780995151849,-0.14287541608243287,-2.377605676651001,327.34,327.54
verstaan,-2.0305755138397217,5,False,-0.11375732291519897,-0.07925135875167093,-2.304227590560913,327.6,328.18
kunt,-4.456846237182617,2,False,-0.0779602767479757,,-2.2374658584594727,328.92,329.2
u,-0.567682683467865,3,False,,-0.12340004739545056,-2.039543032646179,329.32,329.34
duidelijker,-4.63326358795166,3,False,-0.09108652299102488,-0.11031399245606022,-3.157340884208679,329.44,330.02
spreken,-0.9983524084091187,4,False,-0.17290294658209496,-0.15049996401099752,-2.1823065280914307,330.18,330.64
gundersen,-7.460933685302734,1,False,-0.042457363922790696,-0.22360616431448155,-2.2075841426849365,339.44,345.1
dat,-2.1405537128448486,2,False,-0.2528338203951332,0.12103229442086512,-2.845203995704651,345.14,345.32
heb,-2.5741801261901855,2,False,-0.30314268729982574,-0.191232161147541,-2.538236975669861,347.28,347.46
noeste,-7.759957313537598,1,False,-0.046072504168137796,-0.22609667036908832,-1.5718095898628235,347.82,374.6
zijn,-3.137349843978882,1,False,-0.3370523354375156,-0.18229737022788553,-2.005661189556122,374.78,374.98
verschillende,-3.8843982219696045,2,False,-0.07476066162458445,-0.044901814384395444,-2.1550227403640747,375.04,375.78
soorten,-1.5626329183578491,3,False,-0.31876927200682637,-0.1303209565615553,-2.0022366046905518,375.9,376.26
reisgidsen,-6.604703426361084,1,False,-0.05450880491163122,-0.05161884927232619,-2.30670964717865,376.32,377.06
wat,-2.9826016426086426,1,False,-0.31380558924486945,,-2.596798896789551,377.88,378.04
heeft,-2.3597679138183594,2,False,-0.2790236248375728,-0.1298453813203365,-2.285051107406616,378.14,378.44
u,-1.2555639743804932,3,False,,-0.14032403928252574,-2.188571333885193,378.52,378.54
liever,-2.4379563331604004,4,False,-0.23123767632980272,-0.1790203231250939,-2.039648413658142,378.66,379.0
computer,-5.532999038696289,1,False,-0.05711387106982391,-0.216315690608542,-1.9161688089370728,389.0,389.48
in,-1.9371122121810913,2,False,,-0.23042391769607812,-1.9453757405281067,394.26,394.34
welk,-3.7550134658813477,2,False,-0.3190862160780463,-0.1687330576555001,-2.5381046533584595,394.52,394.76
seizoen,-2.78476619720459,3,False,-0.283985435155465,-0.1390170967189151,-2.3582853078842163,394.86,395.3
wilt,-3.9781155586242676,2,False,-0.2549145231250811,-0.09978976210254861,-2.871821165084839,395.38,395.64
u,-1.2390938997268677,2,False,,-0.07386350870640525,-2.1820342540740967,395.7,395.72
op,-2.2638535499572754,3,False,,-0.12088717427918046,-2.576155662536621,395.86,395.96
reis,-2.689821720123291,3,False,-0.3403137267787247,-0.10443153899572105,-2.4211490154266357,396.08,396.3
gaan,-1.5385794639587402,3,False,-0.45473436157614405,-0.14311173034673713,-2.7044490575790405,396.48,396.68
zomaar,-4.772125244140625,2,False,-0.057526088011086496,-0.22992712963380976,-2.3828744888305664,402.48,402.8
weet,-3.335325002670288,2,False,-0.31376455676616255,-0.23700049290346076,-2.6423633098602295,406.38,406.58
u,-1.266946792602539,3,False,,-0.1329361998396689,-2.0449928641319275,406.64,406.66
iets,-1.9904413223266602,3,False,-0.26316795315595115,-0.1621657688188386,-2.503217339515686,406.78,406.98
over,-0.4485619068145752,4,False,-0.27978293442991187,-0.06742895814359433,-2.362612247467041,407.04,407.32
het,-1.3298053741455078,5,False,-0.26200500329645243,-0.07442482435785691,-2.784278631210327,407.38,407.54
weer,-1.9972727298736572,4,False,-0.3832984818417838,-0.13468317420746465,-2.737008571624756,407.68,407.86
in,-1.5553369522094727,5,False,,0.29648696588539825,-2.42067813873291,407.88,407.98
dat,-2.4305458068847656,4,False,-0.4273928913221059,-0.10459121393124271,-2.493377208709717,408.08,408.26
seizoen,-4.494781017303467,3,False,-0.34162466165772243,-0.14481372194601838,-2.4612706899642944,408.36,408.82
juliwat,-8.248882293701172,1,True,-0.06307813818810304,-0.235753263115645,-1.4938658475875854,413.7,425.86
vindt,-3.449314832687378,1,False,-0.3075857902025596,-0.11462269750427305,-2.127384662628174,425.94,426.14
u,-1.3196051120758057,2,False,,-0.128798376125249,-2.0320629477500916,426.26,426.28
van,-2.2602386474609375,3,False,-0.24324630801785627,-0.11585713718918958,-2.2475045919418335,426.38,426.56
het,-1.5285812616348267,4,False,,-0.11066594504168357,-2.8389041423797607,426.68,426.8
weer,-3.491891384124756,3,False,-0.28188133592012077,-0.07963629940682773,-2.364664316177368,426.9,427.12
daar,-3.155383586883545,3,False,-0.3315260847802595,-0.03543242708430493,-2.535413980484009,427.2,427.4
ik,-2.9666764736175537,2,False,,-0.22092254646408188,-2.2873616218566895,429.34,429.42
vind,-2.3516364097595215,3,False,-0.28839081176304493,-0.09831865263015752,-2.461885690689087,429.5,429.72
hel,-3.8109166622161865,3,False,-0.13948607278133937,-0.20651380803760308,-2.516406297683716,435.02,435.24
heel,-0.9792752265930176,4,False,-0.4290527660762451,-0.2539044429494551,-2.4892712831497192,436.4,436.56
ver,-2.693570137023926,2,False,-0.32404490974851774,-0.16540381811936292,-2.3895421028137207,436.68,436.86
bent,-3.1287245750427246,3,False,-0.32305779085610875,-0.22564838144557958,-2.1350111961364746,443.56,443.76
u,-1.2808244228363037,3,False,,0.0009308290463056479,-2.219454526901245,443.8,443.82
van,-1.7114219665527344,4,False,-0.3096773927900881,-0.14904425812673833,-2.137469172477722,443.96,444.14
plan,-0.8908668160438538,4,False,-0.27920984149313155,-0.10260826501821578,-2.3804852962493896,444.24,444.52
dure,-7.029482364654541,1,False,-0.2685794010470624,-0.12120935418337152,-2.9129167795181274,444.64,444.88
spullen,-1.800052285194397,2,False,-0.28595148618481664,-0.1256204740141957,-2.5257155895233154,445.0,445.34
mee,-2.462341070175171,2,False,-0.24369184134023736,-0.09191488176708719,-2.479495406150818,445.4,445.58
te,-0.9719722867012024,3,False,,0.004861273163814961,-2.4765889644622803,445.62,445.7
neenowilt,-10.279678344726562,1,True,-0.04694250903206007,-0.14592719473327054,-1.5493407249450684,445.84,455.38
u,-3.0468413829803467,1,False,,-0.07244086637214221,-1.7223818898200989,455.44,455.46
een,-2.142249584197998,2,False,-0.3480502937570631,-0.11287021628399196,-2.352715015411377,455.56,455.72
reisverzekering,-5.992498874664307,2,False,-0.077099159731041,0.2625537445335907,-2.2576879262924194,455.74,456.82
kamerwillen,-7.765773296356201,1,False,-0.04601958663889509,-0.22267028688051557,-1.9612826704978943,465.4,472.68
wel,-3.127592086791992,1,False,-0.3565126250229609,0.04587533523042925,-2.43135929107666,472.72,472.88
kerel,-3.903451681137085,2,False,-0.03881431983020599,-0.23783008924150276,-1.5651867985725403,474.32,481.02
ik,-1.9080424308776855,3,False,,-0.22743108030136988,-2.5933748483657837,482.36,482.46
wil,-1.3950564861297607,3,False,-0.2843026471900557,-0.17199574009515178,-2.5537962913513184,482.64,482.9
lois,-4.8104472160339355,3,False,-0.10526600939561247,-0.21065891559804592,-2.346913456916809,484.8,485.18
heisa,-6.271520614624023,1,False,-0.0407809683154943,-0.22490837178337714,-1.871220588684082,487.28,489.6
ishet,-6.147491931915283,1,False,-0.03440188966056322,,-1.5627065300941467,490.26,497.32
vlieg,-4.661491870880127,1,False,-0.3643094360197078,-0.03932929035943552,-2.9365216493606567,497.4,497.62
tochik,-7.599222183227539,1,False,-0.04461416543883065,-0.14888041825683346,-1.561890959739685,497.76,502.84
heb,-0.8958530426025391,2,False,-0.28988685129974523,-0.1421063386527772,-2.1518898010253906,502.98,503.12
u,-3.0843722820281982,2,False,,-0.10880534152180274,-2.3961812257766724,503.2,503.22
niet,-1.8490879535675049,3,False,-0.27786378241168064,-0.14300517735267496,-2.4350552558898926,503.32,503.5
verstaan,-2.7362091541290283,4,False,-0.26692844014242645,-0.09490777372270477,-2.324792504310608,503.58,504.12
kunt,-4.456846237182617,2,False,-0.31312220001573166,,-2.083774209022522,504.94,505.14
u,-0.567682683467865,3,False,,-0.0736205365464025,-2.316709518432617,505.2,505.22
haar,-2.043658971786499,3,False,-0.28954895415598325,-0.15464689554768024,-2.851596713066101,505.36,505.54
door,-3.1148571968078613,3,False,-0.3577279236136598,-0.07262987846355583,-2.870570182800293,505.62,505.78
sprekenmet,-8.66858196258545,1,False,-0.04955236278287466,-0.13593766020912046,-1.7211772799491882,505.9,514.0
wie,-0.8981524109840393,2,False,-0.3035530044868654,-0.11966040573421144,-2.211950421333313,514.08,514.22
wilt,-2.8790054321289062,2,False,-0.2568315202791089,-0.09583343547364043,-2.631366729736328,514.28,514.54
u,-0.47552675008773804,3,False,,-0.13995950778063548,-1.8609272241592407,514.62,514.64
samen,-3.414064645767212,3,False,-0.32395778073376197,-0.15436007601612065,-2.1117982864379883,514.78,515.1
reizen,-3.6814239025115967,2,False,-0.30533569716796705,-0.1414904361037205,-2.1353180408477783,515.22,515.54
u,-4.056388854980469,2,False,,,-2.1205328702926636,516.32,516.34
kunt,-2.1065452098846436,2,False,-0.27100787207896554,-0.09756810894589835,-2.1205230951309204,516.42,516.6
drie,-3.6520354747772217,3,False,,-0.16767745858045469,-3.1577550172805786,516.78,516.88
andere,-2.9564361572265625,2,False,-0.27659476261035165,-0.18349857999921043,-2.4055598974227905,517.04,517.34
personen,-1.9532408714294434,3,False,-0.1679564438717991,-0.14558823023613424,-2.136156439781189,517.48,517.96
meenemen,-3.7542684078216553,2,False,-0.2658645777812381,-0.13154051246036588,-2.128877282142639,518.1,518.54
ja,-2.8517303466796875,2,False,,-0.2099867071660441,-2.3345764875411987,521.82,521.88
mijn,-3.151369094848633,2,False,-0.40894603687131775,-0.1954936378095405,-2.7582937479019165,522.14,522.4
met,-3.405991792678833,2,False,-0.41490060933613676,-0.2699581644309224,-2.6246044635772705,523.7,523.86
mijn,-1.2853505611419678,3,False,-0.05996921501929007,-0.23994144540590076,-2.3454383611679077,524.24,524.7
mijn,-3.627863645553589,3,False,-0.3729259828498903,0.026563646044650835,-2.4794007539749146,524.74,524.92
vrouw,-1.686924695968628,3,False,-0.2835320622623813,-0.12960688069069662,-2.509981632232666,524.98,525.28
mijn,-1.7955377101898193,4,False,-0.09742389458731293,-0.2168755668255189,-2.324413299560547,530.86,531.12
broer,-3.1307642459869385,2,False,-0.22087480906700244,-0.11394539408481655,-2.475759744644165,531.2,531.48
ja,-2.9083728790283203,3,False,,-0.22164507968963038,-2.4236185550689697,533.86,533.9
mijn,-3.2820417881011963,2,False,-0.08154993029504971,-0.17509078672859035,-2.253748655319214,534.92,535.22
tante,-3.1526458263397217,3,False,-0.05169834454094921,,-1.7696285843849182,535.64,541.22
wilt,-3.5674850940704346,3,False,-0.28325696919279203,-0.06036884108352352,-2.705255389213562,541.3,541.56
u,-1.3084533214569092,2,False,,0.09419526731389176,-1.555537462234497,541.6,541.62
graag,-2.3978681564331055,3,False,-0.26827850978081663,-0.11512514661881874,-2.5255229473114014,541.74,542.06
de,-1.9182507991790771,3,False,,-0.06515551312277484,-2.909858226776123,542.14,542.24
groeten,-3.2571544647216797,3,False,-0.34879296834609486,-0.12276128723433362,-2.661230206489563,542.34,542.68
doen,-0.9153667092323303,4,False,-0.2801114628249779,-0.04767565868463305,-2.5101224184036255,542.74,542.88
vanuit,-4.669335842132568,2,False,-0.23476748403703043,-0.05041957599931245,-2.2731062173843384,542.94,543.34
die,-2.16332745552063,3,False,,-0.09755131430593894,-2.7941365242004395,543.44,543.56
stad,-4.078071594238281,2,False,-0.2623902416601216,-0.07991970841563577,-2.4045188426971436,543.62,543.88
eeneen,-6.009281635284424,1,False,-0.03551582175075835,-0.2444197143945328,-1.8317612409591675,551.14,557.26
om,-2.8469815254211426,1,False,-0.22510140216582686,-0.20633600212706832,-2.2301783561706543,561.96,562.16
ja,-3.3794989585876465,2,False,,-0.23283268043423777,-2.4588382244110107,565.56,565.6
hoe,-3.639063596725464,2,False,,-0.26031813594669734,-2.2598416805267334,566.92,567.04
wilt,-3.279362440109253,3,False,-0.2490040245777711,-0.11182381736424485,-2.7340515851974487,567.14,567.4
u,-0.0324135422706604,4,False,,-0.06349689861784068,-2.4207762479782104,567.46,567.48
deze,-2.4970738887786865,4,False,-0.3275055548255152,-0.13012451915541323,-2.5742000341415405,567.62,567.84
route,-3.2535459995269775,3,False,-0.29272721765372606,-0.18111426303403572,-2.4760299921035767,568.04,568.28
sturen,-4.226025104522705,2,False,-0.26532516148708307,-0.14516353057534231,-2.3647154569625854,568.44,568.76
denk,-3.0573983192443848,2,False,-0.3157257169599284,,-2.460771679878235,569.56,569.72
aan,-1.5803954601287842,3,False,,-0.15845504590929152,-2.7396332025527954,569.92,570.04
een,-1.7872804403305054,3,False,-0.2260340323010329,0.03285082053113146,-2.5033788681030273,570.08,570.24
kaart,-2.64726185798645,4,False,-0.3092340529459521,-0.06761284951014519,-2.205124020576477,570.3,570.56
telefoneert,-7.513215065002441,1,False,-0.05353251942644348,,-1.6794211864471436,571.0,578.12
kart,-6.2109880447387695,1,False,-0.333207646057387,-0.26745008791910063,-2.0191259384155273,579.32,579.48
u,-3.320909023284912,1,False,,-0.23423382237296084,-1.939145267009735,583.14,583.18
kunt,-2.0126519203186035,2,False,-0.29529833546342954,-0.1614637443468974,-2.0968316793441772,583.3,583.48
nu,-1.8673170804977417,3,False,,-0.20437407969891797,-1.998250126838684,583.66,583.72
vijf,-2.887235403060913,4,False,-0.29323552292699245,-0.18665194163752918,-2.6231892108917236,583.88,584.06
euro,-3.4441447257995605,2,False,-0.3499540475529347,-0.15708042647495987,-2.5038883686065674,584.18,584.4
verdienen,-2.5140836238861084,3,False,-0.30037623868285657,-0.1737952357828933,-2.6098456382751465,584.54,584.98
als,-2.278512716293335,2,False,-0.41193898351587493,-0.17977025369034239,-2.320885419845581,585.28,585.48
u,-1.3811192512512207,3,False,,-0.05514305884931774,-2.095013976097107,585.54,585.56
een,-1.8264285326004028,3,False,,-0.14348303994322428,-2.0188162326812744,585.76,585.84
bekend,-4.129082679748535,3,False,-0.254295691410309,-0.08513144294182969,-1.9986130595207214,585.94,586.28
monument,-6.372058868408203,1,False,-0.08317843445635831,-0.1489604617953893,-1.959626019001007,586.42,586.94
kunt,-3.8166258335113525,1,False,-0.288632279396107,-0.1479301346416148,-2.2502130270004272,587.08,587.28
noemen,-2.348034620285034,2,False,-0.2714082891869032,-0.1335971762340206,-2.20360267162323,587.42,587.66
in,-2.83762788772583,2,False,,-0.10894942211020332,-2.264835000038147,587.78,587.84
de,-0.8559055328369141,3,False,,0.08698773989891673,-2.9126206636428833,587.88,587.96
stad,-1.9997763633728027,3,False,-0.2727006231872712,-0.08378168197118746,-2.3204320669174194,588.04,588.3
van,-1.8438478708267212,4,False,,-0.1382760563853794,-2.532861351966858,588.4,588.52
uweten,-9.448360443115234,1,False,-0.0393339184816258,-0.15357623540667514,-1.9042050242424011,588.64,604.82
vijf,-3.6768100261688232,1,False,-0.4229306544101345,-0.21261748229201965,-2.2757349014282227,605.18,605.36
zeven,-2.88547682762146,2,False,-0.18396484245597006,-0.22438431588202173,-2.338418126106262,607.76,608.0
in,-2.535963296890259,2,False,-0.3367090462774324,-0.2653461549018688,-2.2651253938674927,608.24,608.4
bietste,-7.785685062408447,1,False,-0.03834017738162528,,-2.3111748695373535,609.02,614.18
jaik,-5.9892578125,1,False,-0.0464264082602408,-0.2880459900215966,-1.498051643371582,615.28,624.72
heb,-1.408929467201233,2,False,-0.2858919171869928,-0.1254322635209424,-2.426287889480591,624.82,624.98
u,-3.111661195755005,2,False,,-0.11566741955367543,-2.7065008878707886,625.06,625.08
niet,-1.8490879535675049,3,False,-0.28926330135529965,-0.1492474296224367,-2.47997510433197,625.18,625.36
verstaan,-2.7362091541290283,4,False,-0.04734684865392041,-0.13130421982196663,-2.1311697959899902,625.46,626.7
kunt,-4.456846237182617,2,False,-0.23314423113295699,-0.08629903294710366,-2.2375707626342773,626.78,626.98
u,-0.567682683467865,3,False,,0.025570477867983443,-1.7738161087036133,627.02,627.06
duidelijker,-4.63326358795166,3,False,-0.06409719020128368,-0.10505723405815655,-3.0699143409729004,627.16,627.8
spreken,-0.9983524084091187,4,False,-0.19359764789875566,-0.15345950844490935,-2.3810445070266724,627.96,628.4
dat,-2.8210668563842773,2,False,-0.2321752461671595,-0.23102591648313928,-2.5392438173294067,636.22,636.42
klopt,-2.6688666343688965,3,False,-0.36180547620081793,-0.11512054587972166,-2.2524627447128296,636.5,636.84
niet,-1.20980966091156,3,False,-0.28873577738207085,-0.1441026592727155,-2.4167540073394775,636.98,637.14
u,-2.852109670639038,4,False,,,-1.7444239258766174,637.88,637.9
krijgt,-2.310091257095337,3,False,-0.3187581065223998,-0.14281515765219777,-2.6073904037475586,638.08,638.42
nog,-1.9504985809326172,3,False,,-0.14763978140593842,-2.3385417461395264,638.6,638.72
geen,-1.9173825979232788,3,False,-0.33364099761048094,-0.11610431881221724,-2.5190898180007935,638.82,639.04
kans,-2.5490074157714844,3,False,-0.26306249667082326,-0.08152055568947919,-2.0396004915237427,639.12,639.44
teef,-6.118575572967529,1,False,-0.28257694945548706,-0.21562001535619285,-2.696255922317505,651.56,651.76
aan,-2.7628061771392822,2,False,-0.04376270630312884,-0.1523002928698708,-1.5078920722007751,651.86,657.44
komen,-3.255967617034912,2,False,-0.36061066409241144,-0.16819403450958476,-2.3003153800964355,657.64,657.88
er,-2.189553737640381,2,False,,-0.10176353743024068,-2.5090044736862183,658.0,658.1
nog,-1.365533709526062,3,False,-0.27091121275294916,-0.07546290194775776,-2.4524205923080444,658.2,658.34
wat,-1.8470960855484009,4,False,-0.2675819809564827,-0.14669496321370626,-2.542439579963684,658.5,658.68
vragen,-2.5245373249053955,4,False,-0.2856495160235913,-0.16201612216900163,-2.381270408630371,658.84,659.18
over,-0.7267298102378845,5,False,-0.2995033822325643,-0.09556684987613974,-2.398584485054016,659.26,659.52
uw,-1.7310519218444824,5,False,,-0.09912330169097804,-2.3856645822525024,659.6,659.7
vrije,-4.616615295410156,2,False,-0.30818569721937594,-0.18959239828400343,-2.201245903968811,659.88,660.16
tijd,-0.39149338006973267,3,False,-0.29956873414343427,-0.16646333577013134,-2.382053256034851,660.32,660.56
u,-3.356104850769043,3,False,,,-2.339325785636902,661.38,661.4
kunt,-2.288496971130371,2,False,-0.28032236709968633,-0.10722212387302217,-2.167126774787903,661.5,661.7
dan,-2.856372117996216,3,False,-0.2937737554108107,-0.08977315631156191,-2.3331114053726196,661.8,661.94
een,-1.8254412412643433,4,False,-0.24744449742099175,-0.05411230656159266,-2.4047794342041016,662.0,662.14
extra,-3.553285837173462,3,False,-0.30518220315703803,-0.10922597136527223,-2.155340313911438,662.22,662.58
prijs,-2.6813125610351562,3,False,-0.33549755246750057,-0.14590614680870007,-2.476720452308655,662.74,663.04
krijgen,-2.6928482055664062,2,False,-0.34992630751425635,-0.1777711645466637,-2.3065446615219116,663.24,663.56
gaat,-3.295253276824951,2,False,-0.28757383271571246,-0.20754716670483417,-2.631531596183777,666.84,667.06
u,-1.9542545080184937,3,False,,-0.12205174660676625,-1.9301308989524841,667.12,667.16
wel,-2.4293508529663086,3,False,-0.3466992025830276,-0.1439432713193241,-2.321758985519409,667.32,667.48
eens,-0.9316706657409668,4,False,-0.325178532701981,-0.11738592177066139,-2.072807788848877,667.6,667.84
een,-1.8987677097320557,4,False,,-0.05311486661312791,-2.350624680519104,667.92,668.04
dag,-2.0387868881225586,5,False,-0.3369895100755373,-0.059792273059564624,-2.4213565587997437,668.12,668.26
hier,-2.590667247772217,4,False,-0.3088333474767719,-0.11088438364579573,-2.3631826639175415,668.34,668.5
uithaal,-5.871445178985596,2,False,-0.048578784500208826,-0.1563040157902076,-1.5937878489494324,668.58,675.88
eens,-3.875023603439331,1,False,-0.31785245079590424,-0.16315326751146994,-2.3606096506118774,676.08,676.3
daar,-3.0181725025177,2,False,-0.16627319221496867,,-2.8201355934143066,676.94,677.16
tien,-3.509675979614258,2,False,-0.1267156355957732,-0.21958297315533196,-2.6581989526748657,683.86,684.1
daarwaar,-8.192550659179688,1,False,-0.03716105717650393,-0.14567773521855204,-1.6414012908935547,684.2,691.42
gaat,-3.0123631954193115,1,False,-0.27919958221285196,-0.0718261726842824,-2.534506916999817,691.5,691.7
u,-1.9149916172027588,2,False,,-0.04240622444521361,-2.451773762702942,691.76,691.78
dan,-1.8390716314315796,3,False,-0.25305683735784196,-0.14041295898707665,-2.4524840116500854,691.9,692.08
naar,-1.3876022100448608,4,False,-0.27284608191003046,-0.15836191473625968,-2.397597074508667,692.22,692.4
toe,-2.717555046081543,3,False,-0.26989479789390936,-0.15054384117317993,-2.513181209564209,692.48,692.62
ik,-2.531702756881714,3,False,,-0.24512836003796043,-2.3034653663635254,695.48,695.56
ga,-1.1606388092041016,4,False,,-0.18586305282650967,-2.4774669408798218,695.66,695.74
naar,-0.7230966687202454,5,False,-0.3406104467300319,-0.2315552338171299,-2.5183252096176147,698.42,698.58
mijn,-2.1004951000213623,4,False,-0.3753745615960199,-0.1483097796822878,-2.5441060066223145,698.72,698.86
vriend,-2.2709100246429443,5,False,-0.09995194199892846,,-2.3222492933273315,699.32,699.58
waarom,-3.7517898082733154,3,False,-0.05793849488359623,-0.20553739376213356,-2.0518754720687866,704.08,704.44
gaat,-2.866807699203491,2,False,-0.27527728293019005,-0.15393626393226026,-2.5387840270996094,704.58,704.82
u,-0.7351664304733276,3,False,,0.27152723857830663,-2.262970447540283,704.84,704.86
daarnaar,-5.271867752075195,2,False,-0.253080157378747,-0.17253347974135771,-2.339041829109192,705.02,705.48
toe,-1.421987533569336,2,False,,-0.16192642983114464,-2.4192804098129272,705.58,705.7
hij,-2.7901506423950195,2,False,,-0.22598686078915056,-2.2218390703201294,713.06,713.14
heeft,-1.288642168045044,3,False,-0.24012866444910896,-0.17532679129486736,-2.792458653450012,713.32,713.58
hij,-2.4999423027038574,3,False,-0.5053670030878374,-0.11349038953095895,-2.96170175075531,713.7,713.88
heeft,-0.8372438549995422,4,False,-0.18246873226696267,,-2.564752459526062,714.38,714.62
vier,-3.405116081237793,3,False,-0.30946768016004544,-0.20500665802756365,-2.313645362854004,717.96,718.16
vier,-3.2818732261657715,2,False,-0.4033865327927439,,-2.4700084924697876,718.64,718.82
vier,-1.729691505432129,3,False,-0.36569265950146423,,-2.272062063217163,719.76,719.92
daar,-3.4910621643066406,2,False,-0.29112208641108106,-0.13361071440390285,-2.5194814205169678,720.06,720.42
ver,-3.726480007171631,2,False,-0.3313667601736276,,-2.2562367916107178,720.94,721.14
ver,-2.485302209854126,2,False,-0.36628301880813946,-0.2024753710396781,-2.286310911178589,723.58,723.76
daar,-3.3063011169433594,2,False,-0.050257964318576445,-0.1476746025249977,-2.4244019985198975,723.9,724.66
felicie,-7.367040157318115,1,False,-0.05842086472171137,-0.2574406894492007,-1.7998831868171692,725.76,731.22
daar,-3.2007360458374023,1,False,-0.26268359869141633,0.28530567330899786,-2.7314292192459106,731.24,731.62
daar,-2.839571714401245,2,False,-0.05442919227855987,-0.22289482624475285,-2.7557097673416138,733.34,733.74
waar,-2.6341638565063477,3,False,-0.08127221466469826,-0.2002875144040801,-2.4997211694717407,738.0,738.3
gevangen,-5.6103034019470215,1,False,-0.04120056331790162,-0.12281930683458983,-1.8247308135032654,738.4,743.8
dat,-2.583141326904297,2,False,,-0.2100638111886064,-3.0032875537872314,745.54,745.66
hier,-2.9249773025512695,2,False,-0.09933965758447222,-0.21055790675299652,-2.670631766319275,745.98,746.32
per,-3.4806346893310547,3,False,-0.40425923120874147,,-2.538690686225891,747.2,747.38
jaar,-1.4574265480041504,3,False,-0.35273245617724486,-0.15733769056805982,-2.6731120347976685,747.58,747.74
heenik,-8.311869621276855,1,False,-0.040782269053234316,-0.1398051995600896,-1.8054607510566711,747.88,752.88
heb,-1.0701385736465454,2,False,-0.29035443031192504,-0.12099176306818352,-2.1763895750045776,752.98,753.12
u,-3.0843722820281982,2,False,,0.023453014656164353,-2.4739807844161987,753.16,753.18
niet,-1.8490879535675049,3,False,-0.316646276973042,-0.12947360598224286,-2.2747602462768555,753.32,753.48
begrepen,-2.0671448707580566,4,False,-0.24211890388351923,-0.09072973151300291,-2.2255771160125732,753.56,754.06
kunt,-4.89721155166626,2,False,-0.24849938509568134,,-2.049948215484619,754.84,755.04
u,-0.567682683467865,3,False,,-0.06966844309583366,-2.589242696762085,755.12,755.14
dat,-1.6277589797973633,3,False,-0.31025873659110464,-0.1189567447100025,-2.635999321937561,755.26,755.42
dan,-1.7060353755950928,4,False,,-0.060571240623844634,-2.5400933027267456,755.5,755.6
dus,-4.147934436798096,3,False,-0.2838542371045613,-0.15288574900525387,-2.497808575630188,755.72,755.9
zeggenverdorwat,-8.64957046508789,1,True,-0.04968749236073823,-0.19112150431388614,-1.5709741115570068,756.08,782.86
doet,-3.1818795204162598,1,False,-0.31801349912508214,-0.07016629161265385,-2.5900806188583374,782.94,783.1
u,-1.984543800354004,2,False,,-0.056575339843467916,-2.2126856446266174,783.16,783.18
nog,-1.9640271663665771,3,False,-0.3326164820915286,-0.10584158837985211,-2.461586833000183,783.28,783.46
meer,-1.279358148574829,4,False,-0.31231547122772024,-0.14364847923458873,-2.255859136581421,783.62,783.78
in,-2.2787251472473145,4,False,,-0.08594411447556093,-2.2288787364959717,783.84,783.94
uw,-0.4215986728668213,5,False,,-0.08444342747647131,-2.140879511833191,784.0,784.04
vrije,-3.1696701049804688,3,False,-0.3329572466956279,-0.2210458195227984,-2.188321590423584,784.26,784.58
tijd,-0.060850776731967926,4,False,-0.3622486798809979,-0.18173272811080393,-2.182772994041443,784.74,784.98
ja,-4.144721984863281,2,False,,-0.21794442933475197,-2.058216094970703,790.42,790.46
half,-4.7587199211120605,2,False,-0.31470476532108993,-0.16301801357961507,-2.521704912185669,790.6,790.84
sport,-5.039539337158203,1,False,-0.314223114007698,-0.1607802903874184,-2.311837077140808,790.94,791.3
half,-4.602707862854004,1,False,-0.39814082008821583,-0.2221093013344218,-2.7062491178512573,791.5,791.7
cerciswelke,-7.874411106109619,1,True,-0.052075908899539614,-0.2355805183842575,-1.6772431135177612,792.1,803.6
sport,-4.4164533615112305,1,False,-0.3026210490635376,-0.14747089504254385,-2.090713858604431,803.74,804.04
doet,-2.6826486587524414,2,False,-0.26217323176988555,-0.1403296099758202,-2.6817708015441895,804.16,804.32
u,-2.1912543773651123,2,False,,0.1846598720848485,-2.0384937524795532,804.34,804.38
denk,-3.9619932174682617,2,False,-0.10709011834865184,,-2.565750241279602,805.24,805.48
aan,-1.4718549251556396,3,False,-0.33057608500550106,-0.13262817049417813,-2.709174871444702,805.58,805.72
voetbal,-4.035739421844482,3,False,-0.3251114048771822,-0.16770801831285978,-2.444342255592346,805.86,806.3
zwemmen,-3.4030823707580566,2,False,-0.05733013715167231,,-2.2732276916503906,806.74,807.16
tennis,-4.166435718536377,2,False,-0.12097068676793457,-0.22762433028166396,-2.433488607406616,807.5,807.82
of,-2.0258452892303467,2,False,-0.4557826371185797,-0.1834618041872623,-2.394811272621155,807.94,808.08
neja,-7.423406600952148,1,False,-0.04519095539844027,-0.23713944814643087,-1.5856541991233826,808.46,812.88
scheen,-5.263150691986084,1,False,-0.06359004562771194,-0.23507038072474798,-2.9075119495391846,814.6,814.98
fitnes,-6.968478202819824,1,False,-0.2920275901904753,-0.027787125599162316,-2.6269702911376953,815.04,815.56
ja,-3.2739617824554443,1,False,,,-2.483949065208435,816.32,816.42
is,-2.4491209983825684,2,False,-0.4436947248245233,,-2.6338911056518555,817.2,817.36
geen,-2.389784097671509,3,False,-0.34041698769977236,-0.09577699844414325,-2.8540287017822266,817.46,817.78
voetbal,-3.9106645584106445,3,False,-0.04019805813281616,,-2.7436490058898926,818.42,818.86
duur,-5.67528772354126,1,False,-0.05693052295324705,-0.19847007810617143,-2.26923143863678,828.54,829.1
verdaan,-6.373128890991211,1,False,-0.050019588524197967,-0.22117561786776094,-1.5596423149108887,830.14,836.4
welke,-4.110849857330322,1,False,-0.2536580247522713,-0.14095676412645047,-2.56371533870697,836.56,836.84
hobby,-4.902384281158447,2,False,-0.2473604995102807,-0.12061143947641619,-2.0981829166412354,836.96,837.22
wilt,-3.8477141857147217,1,False,-0.26114984427663224,-0.14251350359947243,-2.8141844272613525,837.4,837.64
u,-1.1452007293701172,2,False,,-0.01073269247354742,-1.9347578287124634,837.7,837.72
beginnenze,-8.55433464050293,1,False,-0.058636540454939434,-0.16081164145009383,-1.9488486051559448,837.82,842.34
uur,-4.024234771728516,1,False,-0.38896801472154874,-0.19559882192925093,-2.396021008491516,842.66,842.92
sevent,-7.94856071472168,1,False,-0.08643933634501301,,-2.167182683944702,843.68,844.1
van,-2.4136173725128174,1,False,-0.11400233969896255,-0.19276642538932143,-2.3493820428848267,845.1,845.42
zes,-3.0038883686065674,2,False,,-0.2136865305957409,-1.966389000415802,845.76,845.88
er,-3.5020551681518555,2,False,-0.3054203761593066,-0.17889592377909314,-2.60211980342865,846.06,846.22
zeven,-3.417518138885498,2,False,-0.3061192266033674,-0.15435578321277488,-2.3180593252182007,846.34,846.66
tot,-2.287294626235962,3,False,-0.3408063411915902,-0.20900742282792334,-2.6816318035125732,846.94,847.12
negen,-1.0316674709320068,3,False,-0.10030575803410753,-0.21698311807025253,-2.620700716972351,848.86,849.28
uur,-0.5877463817596436,4,False,-0.39081665633686513,,-2.2269119024276733,849.78,850.0
s,-4.170764446258545,3,False,,,-3.2904632091522217,850.62,850.64
avondok,-8.099498748779297,1,False,-0.053823057485001075,-0.09793974144583971,-1.7720577120780945,850.7,854.6
welk,-4.310832500457764,1,False,-0.2885180078724672,-0.18625217346894124,-2.88144850730896,854.78,854.98
feest,-2.9291584491729736,2,False,-0.2632962648267517,-0.1441635677849519,-2.599124789237976,855.08,855.38
was,-1.8907908201217651,3,False,-0.29309384326780075,-0.12885742621168375,-2.6004925966262817,855.52,855.76
uur,-5.248438358306885,2,False,,-0.06145474158995737,-2.1187390089035034,855.82,855.94
het,-2.491626262664795,2,False,-0.30278177778181486,-0.05531535881470582,-2.657793641090393,856.0,856.14
laatst,-3.133668899536133,3,False,-0.2728250940228761,-0.13259352957025522,-2.4381401538848877,856.26,856.6
tot,-3.4887120723724365,3,False,-0.43589957631169046,-0.2298723050106513,-2.8928931951522827,863.72,863.9
elf,-3.0526416301727295,2,False,-0.3923888712597169,-0.22515828578658897,-2.4775010347366333,866.2,866.42
er,-2.843139171600342,3,False,,,-2.3843863010406494,867.02,867.12
seventwat,-8.49395751953125,1,True,-0.044629700732524646,,-1.6528215408325195,867.58,874.04
voor,-2.4588980674743652,1,False,-0.3589038456192352,0.022537692397947076,-2.47951877117157,874.08,874.22
een,-1.5540897846221924,2,False,,-0.0420186873439557,-2.353497266769409,874.28,874.38
feest,-2.8476898670196533,3,False,-0.29102680546559323,0.04185251551049532,-2.689130187034607,874.42,874.7
wil,-2.6886181831359863,4,False,-0.31071805952181375,-0.11095127932141229,-2.6482884883880615,874.8,874.98
het,-2.6378884315490723,2,False,,0.02112285399766045,-2.9053571224212646,875.02,875.12
u,-3.058037281036377,3,False,,-0.11662838552506805,-2.2157204151153564,875.18,875.2
zelf,-1.3679194450378418,4,False,-0.25416830228204346,-0.14447731873387085,-2.292348623275757,875.3,875.56
geven,-2.301208972930908,4,False,-0.27756024194859713,-0.15323887027427247,-2.3417980670928955,875.66,876.02
maar,-1.5988869667053223,3,False,-0.4641010800280123,-0.2254153506408108,-2.6939200162887573,887.48,887.62
wist,-4.1676859855651855,2,False,-0.06031938884975894,,-2.5860003232955933,888.54,889.08
willet,-7.645634174346924,1,False,-0.037566408892166614,,-1.9207905530929565,889.7,903.36
zelf,-3.6794209480285645,1,False,-0.2028158842777806,,-2.4714616537094116,904.16,904.38
geven,-3.051337718963623,2,False,-0.05769083787495475,-0.2655263459338003,-2.49157178401947,904.78,905.2
geest,-5.619129180908203,1,False,-0.07408431465837252,-0.23288329292048587,-2.5496691465377808,908.6,909.02
weet,-2.595122814178467,2,False,-0.07613221122062876,,-2.5023683309555054,909.52,909.92
zelf,-3.6064236164093018,2,False,-0.061161526110159015,,-2.617742419242859,910.56,910.98
geven,-3.4544405937194824,2,False,-0.35831841899804484,-0.17411096971989,-2.4200395345687866,911.1,911.48
is,-2.665595531463623,2,False,,-0.21680946024165385,-2.26959764957428,916.38,916.5
voor,-2.5579354763031006,3,False,-0.2785455632269335,-0.18953087497172105,-2.241405725479126,920.36,920.58
voor,-3.382826328277588,3,False,-0.39975574405962067,-0.21748439476109277,-1.8219829201698303,927.12,927.26
altijd,-2.6199429035186768,3,False,-0.27732556369227834,-0.10812898197569568,-2.5616092681884766,927.34,927.76
goed,-2.60771107673645,3,False,-0.2647574433013766,0.020962753816476803,-2.316989302635193,927.8,928.06
jahoe,-8.234237670898438,1,False,-0.062365390386899505,-0.237624746580312,-1.6596472263336182,929.96,933.5
gaat,-1.7252721786499023,2,False,-0.22948583487702898,-0.08166108052297166,-2.3475104570388794,933.56,933.8
u,-2.008884906768799,2,False,,-0.10494821636803943,-1.8482453227043152,933.88,933.9
de,-1.7392041683197021,3,False,,-0.14400149522549827,-2.839761734008789,934.02,934.08
zaal,-3.546721935272217,3,False,-0.29291454006333667,-0.1488283613793656,-2.3774051666259766,934.18,934.38
dan,-2.901423692703247,3,False,-0.3440344463756933,-0.08114130511716515,-2.485895037651062,934.46,934.6
versieren,-4.588418483734131,2,False,-0.1062340755120449,-0.1493516808133238,-2.222977042198181,934.74,935.24
denk,-3.1211133003234863,2,False,-0.19371823550866465,,-2.0492076873779297,936.04,936.24
aan,-1.7292028665542603,2,False,-0.29234347151438467,-0.13006198833333116,-2.302611827850342,936.36,936.52
ballonnen,-4.957206726074219,2,False,-0.2033441974758,-0.14624524435349065,-2.1823275089263916,936.64,937.12
slinger,-6.0642781257629395,1,False,-0.06286370352521314,-0.22379530324166966,-2.3564727306365967,937.46,937.86
of,-2.94358491897583,1,False,,-0.1745942853486475,-2.475192904472351,938.1,938.22
bloemenbroemenwat,-8.187922477722168,1,True,-0.04150782120583977,-0.16057132123337473,-1.7120730876922607,938.4,955.76
voor,-2.4588980674743652,1,False,,-0.10346223747572006,-2.121033549308777,955.86,955.98
cadeau,-4.671669006347656,2,False,-0.26098089168867084,-0.16833383529335505,-2.501394271850586,956.18,956.5
wilt,-3.0703835487365723,2,False,-0.272291066218871,-0.07316013589824594,-2.924048900604248,956.58,956.86
u,-1.2734816074371338,2,False,,-0.004775824502307513,-2.075146734714508,956.92,956.94
graag,-2.3978681564331055,3,False,-0.2636776948665073,-0.04210497500074564,-2.409332513809204,957.02,957.36
kon,-4.455985069274902,1,False,,-0.2061928071845617,-2.077318549156189,971.3,971.4
zien,-1.9901472330093384,2,False,-0.0807139834818584,-0.2027218892103481,-1.7813056707382202,971.54,973.34
kon,-2.496772527694702,3,False,-0.2125868688147507,-0.22809171240210366,-2.175294280052185,975.08,975.26
zij,-2.4714677333831787,3,False,-0.42500956163403364,-0.17284374797054786,-2.463098168373108,975.36,975.54
pak,-4.41108512878418,2,False,-0.23766508391854724,-0.21047390922467404,-2.657076358795166,983.82,984.02
bloem,-5.562877655029297,1,False,-0.2716169698293259,-0.13314782008768758,-2.6957563161849976,984.16,984.36
ja,-3.117233991622925,2,False,,-0.2253830113762561,-2.308234453201294,985.74,985.8
bel,-3.644226551055908,2,False,-0.04894231738616102,-0.2303444929900973,-1.657079041004181,986.2,990.7
eten,-4.397887229919434,1,False,-0.3077132751852839,-0.20253247299709742,-2.5065025091171265,990.9,991.1
vindt,-3.430006265640259,2,False,-0.3505244866183512,-0.07079263659169133,-2.4428731203079224,991.16,991.4
u,-1.4938608407974243,2,False,,-0.07087607954334925,-1.953492283821106,991.46,991.48
lekker,-2.823094606399536,3,False,-0.3226189417147007,-0.13110141195602204,-2.1384388208389282,991.62,991.94
ruist,-7.0227179527282715,1,False,-0.07351801976923839,-0.22380959854817428,-2.625554323196411,994.86,995.28
mitani,-6.942159175872803,1,False,-0.05428458163108208,,-2.585830569267273,995.72,996.38
wie,-3.743112087249756,1,False,,-0.22809225427662994,-2.4080623388290405,1000.48,1000.58
kan,-2.0842130184173584,2,False,-0.2660963658338362,-0.05802627280197509,-2.2727091312408447,1000.64,1000.84
dit,-1.6831409931182861,3,False,,-0.06312867333194885,-2.5456159114837646,1000.92,1001.04
eten,-3.694087028503418,3,False,-0.4008269527142475,-0.09377507027359015,-2.680302381515503,1001.14,1001.36
het,-0.8169194459915161,4,False,-0.33612576459735993,-0.10565321640384275,-2.753121495246887,1001.48,1001.62
beste,-3.5081429481506348,2,False,-0.36017936687396757,-0.058774341310253025,-2.393660545349121,1001.68,1002.0
makenzelf,-8.284026145935059,1,True,-0.04483089879721337,-0.17919609121563088,-1.5882650017738342,1002.16,1008.3
kookwaar,-7.248713970184326,1,False,-0.04377744056395105,-0.14998815471321653,-1.6777257919311523,1008.4,1013.6
vindt,-3.5754611492156982,1,False,-0.43170183267771667,-0.18894929624562717,-2.4740768671035767,1013.9,1014.16
u,-1.3196051120758057,2,False,,-0.028048414000420945,-2.125548243522644,1014.22,1014.24
dat,-1.2025463581085205,3,False,-0.30807275602167217,-0.07166322152526149,-2.413261651992798,1014.32,1014.5
zo,-1.956634283065796,4,False,,-0.0959800714459508,-2.07433021068573,1014.6,1014.66
lekkervoor,-9.342560768127441,1,True,-0.05640500460774141,-0.16029260061103448,-1.8403966426849365,1014.86,1017.0
ik,-2.5006330013275146,1,False,,,-2.1737781763076782,1017.88,1017.98
kook,-3.5506978034973145,2,False,-0.2655103665842047,-0.12918196410594185,-2.4466843605041504,1018.16,1018.38
voor,-1.2747708559036255,3,False,-0.3455110151638928,-0.1893613694179747,-2.153860330581665,1020.44,1020.62
ik,-2.6637303829193115,2,False,-0.2394181694637767,0.003909143981317041,-2.369301438331604,1020.68,1020.86
kook,-4.393472671508789,2,False,-0.2645069078553806,-0.09436305554501608,-2.306554436683655,1020.96,1021.2
reis,-5.107188701629639,1,False,-0.1789184513592708,-0.2381505148768921,-2.573971152305603,1024.62,1024.86
met,-1.9265506267547607,2,False,-0.36246184666466164,-0.15970352633855572,-2.5003325939178467,1025.04,1025.22
luvlees,-8.454421997070312,1,False,-0.051553583806802805,-0.23159421396719598,-2.7035237550735474,1027.1,1027.6
in,-2.388099431991577,1,False,,,-2.274376153945923,1028.06,1028.18
mijn,-1.848639965057373,2,False,-0.29717357141051864,-0.13968648230462877,-2.423318386077881,1028.28,1028.48
haus,-6.84545373916626,2,False,-0.2944406467859766,-0.003288631310376544,-2.058379054069519,1028.52,1028.84
in,-2.09611439704895,2,False,-0.31330803291677095,-0.21429061088859055,-2.4007948637008667,1031.76,1031.9
laster,-5.8156328201293945,2,False,-0.059476537429214694,-0.23025520053126475,-2.4635061025619507,1034.1,1034.6
naar,-2.986839532852173,2,False,,-0.2261279618440198,-2.730786442756653,1038.48,1038.6
musica,-7.029776096343994,1,False,-0.2635296850653765,-0.1034180892513279,-2.3614182472229004,1038.7,1039.18
ja,-3.4055190086364746,1,False,,-0.19685140822789035,-2.1984739303588867,1040.22,1040.26
kijk,-2.927656412124634,2,False,-0.21696314662545843,-0.29073108719969015,-2.8414512872695923,1041.34,1041.54
televised,-8.389960289001465,1,False,-0.053483477393436035,-0.20831750970711016,-1.9118905663490295,1041.94,1050.66
